"FPR","TPR"
1,1
0.999806314158435,1
0.99961262831687,1
0.999418942475305,1
0.99922525663374,1
0.999031570792175,1
0.99883788495061,1
0.998644199109045,1
0.99845051326748,1
0.998256827425915,1
0.99806314158435,1
0.997869455742785,1
0.99767576990122,1
0.997482084059655,1
0.99728839821809,1
0.997094712376525,1
0.99690102653496,1
0.996707340693395,1
0.99651365485183,1
0.996319969010265,1
0.9961262831687,1
0.995932597327135,1
0.99573891148557,1
0.995545225644005,1
0.99535153980244,1
0.995157853960875,1
0.99496416811931,1
0.994770482277745,1
0.99457679643618,1
0.994383110594615,1
0.99418942475305,1
0.993995738911486,1
0.993802053069921,1
0.993608367228356,1
0.993414681386791,1
0.993220995545226,1
0.993027309703661,1
0.992833623862096,1
0.992639938020531,1
0.992446252178966,1
0.992252566337401,1
0.992058880495836,1
0.991865194654271,1
0.991671508812706,1
0.991477822971141,1
0.991284137129576,1
0.991090451288011,1
0.990896765446446,1
0.990703079604881,1
0.990509393763316,1
0.990315707921751,1
0.990122022080186,1
0.989928336238621,1
0.989734650397056,1
0.989540964555491,1
0.989347278713926,1
0.989153592872361,1
0.988959907030796,1
0.988766221189231,1
0.988572535347666,1
0.988378849506101,1
0.988185163664536,1
0.987991477822971,1
0.987797791981406,1
0.987604106139841,1
0.987410420298276,1
0.987216734456711,1
0.987023048615146,1
0.986829362773581,1
0.986635676932016,1
0.986441991090451,1
0.986248305248886,1
0.986054619407321,1
0.985860933565756,1
0.985667247724191,1
0.985473561882626,1
0.985279876041061,1
0.985086190199496,1
0.984892504357931,1
0.984698818516366,1
0.984505132674801,1
0.984311446833236,1
0.984117760991671,1
0.983924075150106,1
0.983730389308542,1
0.983536703466977,1
0.983343017625412,1
0.983149331783847,1
0.982955645942282,1
0.982761960100717,1
0.982568274259152,1
0.982374588417587,1
0.982180902576022,1
0.981987216734457,1
0.981793530892892,1
0.981599845051327,1
0.981406159209762,1
0.981212473368197,1
0.981018787526632,1
0.980825101685067,1
0.980631415843502,1
0.980437730001937,1
0.980244044160372,1
0.980050358318807,1
0.979856672477242,1
0.979662986635677,1
0.979469300794112,1
0.979275614952547,1
0.979081929110982,1
0.978888243269417,1
0.978694557427852,1
0.978500871586287,1
0.978307185744722,1
0.978113499903157,1
0.977919814061592,1
0.977726128220027,1
0.977532442378462,1
0.977338756536897,1
0.977145070695332,1
0.976951384853767,1
0.976757699012202,1
0.976564013170637,1
0.976370327329072,1
0.976176641487507,1
0.975982955645942,1
0.975789269804377,1
0.975595583962812,1
0.975401898121247,1
0.975208212279682,1
0.975014526438117,1
0.974820840596552,1
0.974627154754987,1
0.974433468913422,1
0.974239783071857,1
0.974046097230292,1
0.973852411388727,1
0.973658725547162,1
0.973465039705598,1
0.973271353864033,1
0.973077668022468,1
0.972883982180903,1
0.972690296339338,1
0.972496610497773,1
0.972302924656208,1
0.972109238814643,1
0.971915552973078,1
0.971721867131513,1
0.971528181289948,1
0.971334495448383,1
0.971140809606818,1
0.970947123765253,1
0.970753437923688,1
0.970559752082123,1
0.970366066240558,1
0.970172380398993,1
0.969978694557428,1
0.969785008715863,1
0.969591322874298,1
0.969397637032733,1
0.969203951191168,1
0.969010265349603,1
0.968816579508038,1
0.968622893666473,1
0.968429207824908,1
0.968235521983343,1
0.968041836141778,1
0.967848150300213,1
0.967654464458648,1
0.967460778617083,1
0.967267092775518,1
0.967073406933953,1
0.966879721092388,1
0.966686035250823,1
0.966492349409258,1
0.966298663567693,1
0.966104977726128,1
0.965911291884563,1
0.965717606042998,1
0.965523920201433,1
0.965330234359868,1
0.965136548518303,1
0.964942862676738,1
0.964749176835173,1
0.964555490993608,1
0.964361805152043,1
0.964168119310478,1
0.963974433468913,1
0.963780747627348,1
0.963587061785783,1
0.963393375944218,1
0.963199690102653,1
0.963006004261089,1
0.962812318419524,1
0.962618632577959,1
0.962424946736394,1
0.962231260894829,1
0.962037575053264,1
0.961843889211699,1
0.961650203370134,1
0.961456517528569,1
0.961262831687004,1
0.961069145845439,1
0.960875460003874,1
0.960681774162309,1
0.960488088320744,1
0.960294402479179,1
0.960100716637614,1
0.959907030796049,1
0.959713344954484,1
0.959519659112919,1
0.959325973271354,1
0.959132287429789,1
0.958938601588224,1
0.958744915746659,1
0.958551229905094,1
0.958357544063529,1
0.958163858221964,1
0.957970172380399,1
0.957776486538834,1
0.957582800697269,1
0.957389114855704,1
0.957195429014139,1
0.957001743172574,1
0.956808057331009,1
0.956614371489444,1
0.956420685647879,1
0.956226999806314,1
0.956033313964749,1
0.955839628123184,1
0.955645942281619,1
0.955452256440054,1
0.955258570598489,1
0.955064884756924,1
0.954871198915359,1
0.954677513073794,1
0.954483827232229,1
0.954290141390664,1
0.954096455549099,1
0.953902769707534,1
0.953709083865969,1
0.953515398024404,1
0.953321712182839,1
0.953128026341274,1
0.952934340499709,1
0.952740654658145,1
0.95254696881658,1
0.952353282975015,1
0.95215959713345,1
0.951965911291885,1
0.95177222545032,1
0.951578539608755,1
0.95138485376719,1
0.951191167925625,1
0.95099748208406,1
0.950803796242495,1
0.95061011040093,1
0.950416424559365,1
0.9502227387178,1
0.950029052876235,1
0.950029052876235,0.999464954521134
0.94983536703467,0.999464954521134
0.949641681193105,0.999464954521134
0.94944799535154,0.999464954521134
0.949254309509975,0.999464954521134
0.94906062366841,0.999464954521134
0.948866937826845,0.999464954521134
0.94867325198528,0.999464954521134
0.948479566143715,0.999464954521134
0.94828588030215,0.999464954521134
0.948092194460585,0.999464954521134
0.948092194460585,0.998929909042269
0.94789850861902,0.998929909042269
0.947704822777455,0.998929909042269
0.94751113693589,0.998929909042269
0.947317451094325,0.998929909042269
0.94712376525276,0.998929909042269
0.946930079411195,0.998929909042269
0.94673639356963,0.998929909042269
0.946542707728065,0.998929909042269
0.9463490218865,0.998929909042269
0.946155336044935,0.998929909042269
0.94596165020337,0.998929909042269
0.945767964361805,0.998929909042269
0.94557427852024,0.998929909042269
0.945380592678675,0.998929909042269
0.94518690683711,0.998929909042269
0.944993220995545,0.998929909042269
0.94479953515398,0.998929909042269
0.944605849312415,0.998929909042269
0.94441216347085,0.998929909042269
0.944218477629285,0.998929909042269
0.94402479178772,0.998929909042269
0.943831105946155,0.998929909042269
0.94363742010459,0.998929909042269
0.943443734263025,0.998929909042269
0.94325004842146,0.998929909042269
0.943056362579895,0.998929909042269
0.94286267673833,0.998929909042269
0.942668990896765,0.998929909042269
0.9424753050552,0.998929909042269
0.942281619213636,0.998929909042269
0.942087933372071,0.998929909042269
0.941894247530506,0.998929909042269
0.941700561688941,0.998929909042269
0.941506875847376,0.998929909042269
0.941313190005811,0.998929909042269
0.941119504164246,0.998929909042269
0.940925818322681,0.998929909042269
0.940732132481116,0.998929909042269
0.940538446639551,0.998929909042269
0.940344760797986,0.998929909042269
0.940151074956421,0.998929909042269
0.939957389114856,0.998929909042269
0.939763703273291,0.998929909042269
0.939570017431726,0.998929909042269
0.939376331590161,0.998929909042269
0.939182645748596,0.998929909042269
0.938988959907031,0.998929909042269
0.938795274065466,0.998929909042269
0.938601588223901,0.998929909042269
0.938407902382336,0.998929909042269
0.938214216540771,0.998929909042269
0.938020530699206,0.998929909042269
0.937826844857641,0.998929909042269
0.937633159016076,0.998929909042269
0.937439473174511,0.998929909042269
0.937245787332946,0.998929909042269
0.937052101491381,0.998929909042269
0.936858415649816,0.998929909042269
0.936664729808251,0.998929909042269
0.936471043966686,0.998929909042269
0.936277358125121,0.998929909042269
0.936083672283556,0.998929909042269
0.935889986441991,0.998929909042269
0.935696300600426,0.998929909042269
0.935502614758861,0.998929909042269
0.935308928917296,0.998929909042269
0.935115243075731,0.998929909042269
0.934921557234166,0.998929909042269
0.934727871392601,0.998929909042269
0.934534185551036,0.998929909042269
0.934340499709471,0.998929909042269
0.934146813867906,0.998929909042269
0.933953128026341,0.998929909042269
0.933759442184776,0.998929909042269
0.933565756343211,0.998929909042269
0.933372070501646,0.998929909042269
0.933178384660081,0.998929909042269
0.932984698818516,0.998929909042269
0.932791012976951,0.998929909042269
0.932597327135386,0.998929909042269
0.932403641293821,0.998929909042269
0.932209955452256,0.998929909042269
0.932016269610692,0.998929909042269
0.931822583769127,0.998929909042269
0.931628897927562,0.998929909042269
0.931435212085997,0.998929909042269
0.931241526244432,0.998929909042269
0.931047840402867,0.998929909042269
0.930854154561302,0.998929909042269
0.930660468719737,0.998929909042269
0.930466782878172,0.998929909042269
0.930273097036607,0.998929909042269
0.930079411195042,0.998929909042269
0.929885725353477,0.998929909042269
0.929885725353477,0.998394863563403
0.929692039511912,0.998394863563403
0.929498353670347,0.998394863563403
0.929304667828782,0.998394863563403
0.929110981987217,0.998394863563403
0.928917296145652,0.998394863563403
0.928723610304087,0.998394863563403
0.928529924462522,0.998394863563403
0.928336238620957,0.998394863563403
0.928142552779392,0.998394863563403
0.927948866937827,0.998394863563403
0.927755181096262,0.998394863563403
0.927561495254697,0.998394863563403
0.927367809413132,0.998394863563403
0.927174123571567,0.998394863563403
0.926980437730002,0.998394863563403
0.926786751888437,0.998394863563403
0.926593066046872,0.998394863563403
0.926399380205307,0.998394863563403
0.926205694363742,0.998394863563403
0.926012008522177,0.998394863563403
0.925818322680612,0.998394863563403
0.925624636839047,0.998394863563403
0.925430950997482,0.998394863563403
0.925237265155917,0.998394863563403
0.925043579314352,0.998394863563403
0.924849893472787,0.998394863563403
0.924656207631222,0.998394863563403
0.924462521789657,0.998394863563403
0.924268835948092,0.998394863563403
0.924075150106527,0.998394863563403
0.923881464264962,0.998394863563403
0.923687778423397,0.998394863563403
0.923494092581832,0.998394863563403
0.923300406740267,0.998394863563403
0.923106720898702,0.998394863563403
0.922913035057137,0.998394863563403
0.922719349215572,0.998394863563403
0.922525663374007,0.998394863563403
0.922331977532442,0.998394863563403
0.922138291690877,0.998394863563403
0.921944605849312,0.998394863563403
0.921750920007747,0.998394863563403
0.921557234166182,0.998394863563403
0.921363548324617,0.998394863563403
0.921169862483052,0.998394863563403
0.920976176641487,0.998394863563403
0.920782490799922,0.998394863563403
0.920588804958357,0.998394863563403
0.920395119116793,0.998394863563403
0.920201433275228,0.998394863563403
0.920007747433663,0.998394863563403
0.919814061592098,0.998394863563403
0.919620375750533,0.998394863563403
0.919426689908968,0.998394863563403
0.919233004067403,0.998394863563403
0.919039318225838,0.998394863563403
0.918845632384273,0.998394863563403
0.918651946542708,0.998394863563403
0.918458260701143,0.998394863563403
0.918264574859578,0.998394863563403
0.918070889018013,0.998394863563403
0.917877203176448,0.998394863563403
0.917683517334883,0.998394863563403
0.917489831493318,0.998394863563403
0.917296145651753,0.998394863563403
0.917102459810188,0.998394863563403
0.916908773968623,0.998394863563403
0.916715088127058,0.998394863563403
0.916521402285493,0.998394863563403
0.916327716443928,0.998394863563403
0.916134030602363,0.998394863563403
0.915940344760798,0.998394863563403
0.915746658919233,0.998394863563403
0.915552973077668,0.998394863563403
0.915359287236103,0.998394863563403
0.915359287236103,0.997859818084537
0.915165601394538,0.997859818084537
0.914971915552973,0.997859818084537
0.914778229711408,0.997859818084537
0.914584543869843,0.997859818084537
0.914390858028278,0.997859818084537
0.914197172186713,0.997859818084537
0.914003486345148,0.997859818084537
0.913809800503583,0.997859818084537
0.913616114662018,0.997859818084537
0.913422428820453,0.997859818084537
0.913228742978888,0.997859818084537
0.913035057137323,0.997859818084537
0.912841371295758,0.997859818084537
0.912647685454193,0.997859818084537
0.912453999612628,0.997859818084537
0.912260313771063,0.997859818084537
0.912066627929498,0.997859818084537
0.911872942087933,0.997859818084537
0.911679256246368,0.997859818084537
0.911485570404803,0.997859818084537
0.911291884563238,0.997859818084537
0.911098198721673,0.997859818084537
0.910904512880108,0.997859818084537
0.910710827038543,0.997859818084537
0.910517141196978,0.997859818084537
0.910323455355413,0.997859818084537
0.910129769513848,0.997859818084537
0.909936083672284,0.997859818084537
0.909742397830719,0.997859818084537
0.909548711989154,0.997859818084537
0.909355026147589,0.997859818084537
0.909161340306024,0.997859818084537
0.908967654464459,0.997859818084537
0.908773968622894,0.997859818084537
0.908580282781329,0.997859818084537
0.908386596939764,0.997859818084537
0.908192911098199,0.997859818084537
0.907999225256634,0.997859818084537
0.907805539415069,0.997859818084537
0.907611853573504,0.997859818084537
0.907418167731939,0.997859818084537
0.907224481890374,0.997859818084537
0.907030796048809,0.997859818084537
0.906837110207244,0.997859818084537
0.906643424365679,0.997859818084537
0.906449738524114,0.997859818084537
0.906256052682549,0.997859818084537
0.906062366840984,0.997859818084537
0.905868680999419,0.997859818084537
0.905674995157854,0.997859818084537
0.905481309316289,0.997859818084537
0.905287623474724,0.997859818084537
0.905093937633159,0.997859818084537
0.904900251791594,0.997859818084537
0.904706565950029,0.997859818084537
0.904512880108464,0.997859818084537
0.904319194266899,0.997859818084537
0.904125508425334,0.997859818084537
0.903931822583769,0.997859818084537
0.903738136742204,0.997859818084537
0.903544450900639,0.997859818084537
0.903350765059074,0.997859818084537
0.903157079217509,0.997859818084537
0.902963393375944,0.997859818084537
0.902769707534379,0.997859818084537
0.902576021692814,0.997859818084537
0.902382335851249,0.997859818084537
0.902188650009684,0.997859818084537
0.901994964168119,0.997859818084537
0.901801278326554,0.997859818084537
0.901607592484989,0.997859818084537
0.901413906643424,0.997859818084537
0.901220220801859,0.997859818084537
0.901026534960294,0.997859818084537
0.900832849118729,0.997859818084537
0.900639163277164,0.997859818084537
0.900445477435599,0.997859818084537
0.900251791594034,0.997859818084537
0.900058105752469,0.997859818084537
0.899864419910904,0.997859818084537
0.89967073406934,0.997859818084537
0.899477048227775,0.997859818084537
0.89928336238621,0.997859818084537
0.899089676544645,0.997859818084537
0.89889599070308,0.997859818084537
0.898702304861515,0.997859818084537
0.89850861901995,0.997859818084537
0.898314933178385,0.997859818084537
0.89812124733682,0.997859818084537
0.897927561495255,0.997859818084537
0.89773387565369,0.997859818084537
0.897540189812125,0.997859818084537
0.89734650397056,0.997859818084537
0.897152818128995,0.997859818084537
0.89695913228743,0.997859818084537
0.896765446445865,0.997859818084537
0.8965717606043,0.997859818084537
0.896378074762735,0.997859818084537
0.89618438892117,0.997859818084537
0.895990703079605,0.997859818084537
0.89579701723804,0.997859818084537
0.895603331396475,0.997859818084537
0.89540964555491,0.997859818084537
0.895215959713345,0.997859818084537
0.89502227387178,0.997859818084537
0.894828588030215,0.997859818084537
0.89463490218865,0.997859818084537
0.894441216347085,0.997859818084537
0.89424753050552,0.997859818084537
0.894053844663955,0.997859818084537
0.89386015882239,0.997859818084537
0.893666472980825,0.997859818084537
0.89347278713926,0.997859818084537
0.893279101297695,0.997859818084537
0.89308541545613,0.997859818084537
0.892891729614565,0.997859818084537
0.892698043773,0.997859818084537
0.892504357931435,0.997859818084537
0.89231067208987,0.997859818084537
0.892116986248305,0.997859818084537
0.89192330040674,0.997859818084537
0.891729614565175,0.997859818084537
0.89153592872361,0.997859818084537
0.891342242882045,0.997859818084537
0.89114855704048,0.997859818084537
0.890954871198915,0.997859818084537
0.89076118535735,0.997859818084537
0.890567499515785,0.997859818084537
0.89037381367422,0.997859818084537
0.890180127832655,0.997859818084537
0.88998644199109,0.997859818084537
0.889792756149525,0.997859818084537
0.88959907030796,0.997859818084537
0.889405384466395,0.997859818084537
0.889211698624831,0.997859818084537
0.889018012783266,0.997859818084537
0.888824326941701,0.997859818084537
0.888630641100136,0.997859818084537
0.888436955258571,0.997859818084537
0.888243269417006,0.997859818084537
0.888049583575441,0.997859818084537
0.887855897733876,0.997859818084537
0.887662211892311,0.997859818084537
0.887468526050746,0.997859818084537
0.887274840209181,0.997859818084537
0.887081154367616,0.997859818084537
0.886887468526051,0.997859818084537
0.886693782684486,0.997859818084537
0.886500096842921,0.997859818084537
0.886306411001356,0.997859818084537
0.886112725159791,0.997859818084537
0.885919039318226,0.997859818084537
0.885725353476661,0.997859818084537
0.885531667635096,0.997859818084537
0.885337981793531,0.997859818084537
0.885144295951966,0.997859818084537
0.884950610110401,0.997859818084537
0.884756924268836,0.997859818084537
0.884563238427271,0.997859818084537
0.884369552585706,0.997859818084537
0.884175866744141,0.997859818084537
0.883982180902576,0.997859818084537
0.883788495061011,0.997859818084537
0.883594809219446,0.997859818084537
0.883401123377881,0.997859818084537
0.883207437536316,0.997859818084537
0.883013751694751,0.997859818084537
0.882820065853186,0.997859818084537
0.882626380011621,0.997859818084537
0.882626380011621,0.997324772605671
0.882432694170056,0.997324772605671
0.882239008328491,0.997324772605671
0.882045322486926,0.997324772605671
0.881851636645361,0.997324772605671
0.881657950803796,0.997324772605671
0.881464264962231,0.997324772605671
0.881270579120666,0.997324772605671
0.881076893279101,0.997324772605671
0.880883207437536,0.997324772605671
0.880689521595971,0.997324772605671
0.880495835754406,0.997324772605671
0.880302149912841,0.997324772605671
0.880108464071276,0.997324772605671
0.879914778229711,0.997324772605671
0.879721092388146,0.997324772605671
0.879527406546581,0.997324772605671
0.879333720705016,0.997324772605671
0.879140034863451,0.997324772605671
0.878946349021887,0.997324772605671
0.878752663180322,0.997324772605671
0.878558977338757,0.997324772605671
0.878365291497192,0.997324772605671
0.878171605655627,0.997324772605671
0.877977919814062,0.997324772605671
0.877784233972497,0.997324772605671
0.877590548130932,0.997324772605671
0.877396862289367,0.997324772605671
0.877203176447802,0.997324772605671
0.877009490606237,0.997324772605671
0.876815804764672,0.997324772605671
0.876622118923107,0.997324772605671
0.876428433081542,0.997324772605671
0.876234747239977,0.997324772605671
0.876041061398412,0.997324772605671
0.875847375556847,0.997324772605671
0.875653689715282,0.997324772605671
0.875460003873717,0.997324772605671
0.875266318032152,0.997324772605671
0.875072632190587,0.997324772605671
0.874878946349022,0.997324772605671
0.874685260507457,0.997324772605671
0.874491574665892,0.997324772605671
0.874297888824327,0.997324772605671
0.874104202982762,0.997324772605671
0.873910517141197,0.997324772605671
0.873716831299632,0.997324772605671
0.873523145458067,0.997324772605671
0.873329459616502,0.997324772605671
0.873135773774937,0.997324772605671
0.872942087933372,0.997324772605671
0.872748402091807,0.997324772605671
0.872554716250242,0.997324772605671
0.872361030408677,0.997324772605671
0.872167344567112,0.997324772605671
0.871973658725547,0.997324772605671
0.871779972883982,0.997324772605671
0.871586287042417,0.997324772605671
0.871392601200852,0.997324772605671
0.871198915359287,0.997324772605671
0.871005229517722,0.997324772605671
0.870811543676157,0.997324772605671
0.870617857834592,0.997324772605671
0.870424171993027,0.997324772605671
0.870230486151462,0.997324772605671
0.870036800309897,0.997324772605671
0.869843114468332,0.997324772605671
0.869649428626767,0.997324772605671
0.869455742785202,0.997324772605671
0.869262056943637,0.997324772605671
0.869068371102072,0.997324772605671
0.868874685260507,0.997324772605671
0.868680999418943,0.997324772605671
0.868487313577378,0.997324772605671
0.868293627735813,0.997324772605671
0.868099941894248,0.997324772605671
0.867906256052683,0.997324772605671
0.867712570211118,0.997324772605671
0.867518884369553,0.997324772605671
0.867325198527988,0.997324772605671
0.867131512686423,0.997324772605671
0.866937826844858,0.997324772605671
0.866744141003293,0.997324772605671
0.866550455161728,0.997324772605671
0.866356769320163,0.997324772605671
0.866163083478598,0.997324772605671
0.865969397637033,0.997324772605671
0.865775711795468,0.997324772605671
0.865582025953903,0.997324772605671
0.865388340112338,0.997324772605671
0.865194654270773,0.997324772605671
0.865000968429208,0.997324772605671
0.864807282587643,0.997324772605671
0.864613596746078,0.997324772605671
0.864419910904513,0.997324772605671
0.864226225062948,0.997324772605671
0.864032539221383,0.997324772605671
0.863838853379818,0.997324772605671
0.863645167538253,0.997324772605671
0.863451481696688,0.997324772605671
0.863257795855123,0.997324772605671
0.863064110013558,0.997324772605671
0.862870424171993,0.997324772605671
0.862676738330428,0.997324772605671
0.862483052488863,0.997324772605671
0.862289366647298,0.997324772605671
0.862095680805733,0.997324772605671
0.861901994964168,0.997324772605671
0.861708309122603,0.997324772605671
0.861514623281038,0.997324772605671
0.861320937439473,0.997324772605671
0.861127251597908,0.997324772605671
0.860933565756343,0.997324772605671
0.860739879914778,0.997324772605671
0.860546194073213,0.997324772605671
0.860352508231648,0.997324772605671
0.860158822390083,0.997324772605671
0.859965136548518,0.997324772605671
0.859771450706953,0.997324772605671
0.859577764865388,0.997324772605671
0.859384079023823,0.997324772605671
0.859190393182258,0.997324772605671
0.858996707340693,0.997324772605671
0.858803021499128,0.997324772605671
0.858609335657563,0.997324772605671
0.858415649815998,0.997324772605671
0.858221963974434,0.997324772605671
0.858028278132869,0.997324772605671
0.857834592291304,0.997324772605671
0.857640906449739,0.997324772605671
0.857447220608174,0.997324772605671
0.857253534766609,0.997324772605671
0.857059848925044,0.997324772605671
0.856866163083479,0.997324772605671
0.856672477241914,0.997324772605671
0.856478791400349,0.997324772605671
0.856285105558784,0.997324772605671
0.856091419717219,0.997324772605671
0.855897733875654,0.997324772605671
0.855704048034089,0.997324772605671
0.855510362192524,0.997324772605671
0.855316676350959,0.997324772605671
0.855122990509394,0.997324772605671
0.854929304667829,0.997324772605671
0.854735618826264,0.997324772605671
0.854541932984699,0.997324772605671
0.854348247143134,0.997324772605671
0.854154561301569,0.997324772605671
0.853960875460004,0.997324772605671
0.853767189618439,0.997324772605671
0.853573503776874,0.997324772605671
0.853379817935309,0.997324772605671
0.853186132093744,0.997324772605671
0.852992446252179,0.997324772605671
0.852798760410614,0.997324772605671
0.852605074569049,0.997324772605671
0.852411388727484,0.997324772605671
0.852217702885919,0.997324772605671
0.852024017044354,0.997324772605671
0.851830331202789,0.997324772605671
0.851636645361224,0.997324772605671
0.851442959519659,0.997324772605671
0.851442959519659,0.996789727126806
0.851249273678094,0.996789727126806
0.851055587836529,0.996789727126806
0.851055587836529,0.99625468164794
0.850861901994964,0.99625468164794
0.850668216153399,0.99625468164794
0.850474530311834,0.99625468164794
0.850280844470269,0.99625468164794
0.850087158628704,0.99625468164794
0.849893472787139,0.99625468164794
0.849699786945574,0.99625468164794
0.849506101104009,0.99625468164794
0.849312415262444,0.99625468164794
0.849118729420879,0.99625468164794
0.848925043579314,0.99625468164794
0.848731357737749,0.99625468164794
0.848537671896184,0.99625468164794
0.848343986054619,0.99625468164794
0.848150300213054,0.99625468164794
0.847956614371489,0.99625468164794
0.847762928529924,0.99625468164794
0.847569242688359,0.99625468164794
0.847375556846794,0.99625468164794
0.847181871005229,0.99625468164794
0.846988185163664,0.99625468164794
0.846794499322099,0.99625468164794
0.846600813480535,0.99625468164794
0.84640712763897,0.99625468164794
0.846213441797405,0.99625468164794
0.84601975595584,0.99625468164794
0.845826070114275,0.99625468164794
0.84563238427271,0.99625468164794
0.845438698431145,0.99625468164794
0.84524501258958,0.99625468164794
0.845051326748015,0.99625468164794
0.84485764090645,0.99625468164794
0.844663955064885,0.99625468164794
0.84447026922332,0.99625468164794
0.844276583381755,0.99625468164794
0.84408289754019,0.99625468164794
0.843889211698625,0.99625468164794
0.84369552585706,0.99625468164794
0.843501840015495,0.99625468164794
0.84330815417393,0.99625468164794
0.843114468332365,0.99625468164794
0.8429207824908,0.99625468164794
0.842727096649235,0.99625468164794
0.84253341080767,0.99625468164794
0.842339724966105,0.99625468164794
0.84214603912454,0.99625468164794
0.841952353282975,0.99625468164794
0.84175866744141,0.99625468164794
0.841564981599845,0.99625468164794
0.84137129575828,0.99625468164794
0.841177609916715,0.99625468164794
0.84098392407515,0.99625468164794
0.840790238233585,0.99625468164794
0.84059655239202,0.99625468164794
0.84059655239202,0.995719636169074
0.840402866550455,0.995719636169074
0.84020918070889,0.995719636169074
0.840015494867325,0.995719636169074
0.83982180902576,0.995719636169074
0.839628123184195,0.995719636169074
0.83943443734263,0.995719636169074
0.839240751501065,0.995719636169074
0.8390470656595,0.995719636169074
0.838853379817935,0.995719636169074
0.83865969397637,0.995719636169074
0.838466008134805,0.995719636169074
0.83827232229324,0.995719636169074
0.838078636451675,0.995719636169074
0.83788495061011,0.995719636169074
0.837691264768545,0.995719636169074
0.83749757892698,0.995719636169074
0.837303893085415,0.995719636169074
0.83711020724385,0.995719636169074
0.836916521402285,0.995719636169074
0.836722835560721,0.995719636169074
0.836529149719156,0.995719636169074
0.836335463877591,0.995719636169074
0.836141778036026,0.995719636169074
0.835948092194461,0.995719636169074
0.835754406352896,0.995719636169074
0.835560720511331,0.995719636169074
0.835367034669766,0.995719636169074
0.835173348828201,0.995719636169074
0.834979662986636,0.995719636169074
0.834785977145071,0.995719636169074
0.834592291303506,0.995719636169074
0.834398605461941,0.995719636169074
0.834204919620376,0.995719636169074
0.834011233778811,0.995719636169074
0.833817547937246,0.995719636169074
0.833623862095681,0.995719636169074
0.833430176254116,0.995719636169074
0.833430176254116,0.995184590690209
0.833236490412551,0.995184590690209
0.833042804570986,0.995184590690209
0.832849118729421,0.995184590690209
0.832655432887856,0.995184590690209
0.832461747046291,0.995184590690209
0.832268061204726,0.995184590690209
0.832074375363161,0.995184590690209
0.831880689521596,0.995184590690209
0.831687003680031,0.995184590690209
0.831493317838466,0.995184590690209
0.831299631996901,0.995184590690209
0.831105946155336,0.995184590690209
0.830912260313771,0.995184590690209
0.830718574472206,0.995184590690209
0.830524888630641,0.995184590690209
0.830331202789076,0.995184590690209
0.830137516947511,0.995184590690209
0.829943831105946,0.995184590690209
0.829750145264381,0.995184590690209
0.829556459422816,0.995184590690209
0.829362773581251,0.995184590690209
0.829169087739686,0.995184590690209
0.828975401898121,0.995184590690209
0.828781716056556,0.995184590690209
0.828588030214991,0.995184590690209
0.828394344373426,0.995184590690209
0.828200658531861,0.995184590690209
0.828006972690296,0.995184590690209
0.827813286848731,0.995184590690209
0.827619601007166,0.995184590690209
0.827425915165601,0.995184590690209
0.827232229324036,0.995184590690209
0.827038543482471,0.995184590690209
0.826844857640906,0.995184590690209
0.826844857640906,0.994649545211343
0.826651171799341,0.994649545211343
0.826457485957776,0.994649545211343
0.826263800116211,0.994649545211343
0.826070114274646,0.994649545211343
0.825876428433082,0.994649545211343
0.825682742591517,0.994649545211343
0.825489056749952,0.994649545211343
0.825295370908387,0.994649545211343
0.825101685066822,0.994649545211343
0.824907999225257,0.994649545211343
0.824907999225257,0.994114499732477
0.824907999225257,0.993579454253612
0.824907999225257,0.993044408774746
0.824714313383692,0.993044408774746
0.824520627542127,0.993044408774746
0.824326941700562,0.993044408774746
0.824133255858997,0.993044408774746
0.823939570017432,0.993044408774746
0.823745884175867,0.993044408774746
0.823552198334302,0.993044408774746
0.823358512492737,0.993044408774746
0.823164826651172,0.993044408774746
0.822971140809607,0.993044408774746
0.822777454968042,0.993044408774746
0.822583769126477,0.993044408774746
0.822390083284912,0.993044408774746
0.822196397443347,0.993044408774746
0.822002711601782,0.993044408774746
0.821809025760217,0.993044408774746
0.821615339918652,0.993044408774746
0.821421654077087,0.993044408774746
0.821227968235522,0.993044408774746
0.821034282393957,0.993044408774746
0.820840596552392,0.993044408774746
0.820646910710827,0.993044408774746
0.820453224869262,0.993044408774746
0.820259539027697,0.993044408774746
0.820065853186132,0.993044408774746
0.819872167344567,0.993044408774746
0.819678481503002,0.993044408774746
0.819484795661437,0.993044408774746
0.819291109819872,0.993044408774746
0.819097423978307,0.993044408774746
0.818903738136742,0.993044408774746
0.818710052295177,0.993044408774746
0.818516366453612,0.993044408774746
0.818322680612047,0.993044408774746
0.818128994770482,0.993044408774746
0.817935308928917,0.993044408774746
0.817741623087352,0.993044408774746
0.817547937245787,0.993044408774746
0.817354251404222,0.993044408774746
0.817160565562657,0.993044408774746
0.816966879721092,0.993044408774746
0.816773193879527,0.993044408774746
0.816579508037962,0.993044408774746
0.816385822196397,0.993044408774746
0.816192136354832,0.993044408774746
0.815998450513267,0.993044408774746
0.815804764671702,0.993044408774746
0.815611078830138,0.993044408774746
0.815417392988573,0.993044408774746
0.815223707147008,0.993044408774746
0.815030021305443,0.993044408774746
0.814836335463878,0.993044408774746
0.814642649622313,0.993044408774746
0.814448963780748,0.993044408774746
0.814255277939183,0.993044408774746
0.814061592097618,0.993044408774746
0.813867906256053,0.993044408774746
0.813674220414488,0.993044408774746
0.813480534572923,0.993044408774746
0.813286848731358,0.993044408774746
0.813093162889793,0.993044408774746
0.812899477048228,0.993044408774746
0.812705791206663,0.993044408774746
0.812512105365098,0.993044408774746
0.812318419523533,0.993044408774746
0.812124733681968,0.993044408774746
0.811931047840403,0.993044408774746
0.811931047840403,0.99250936329588
0.811737361998838,0.99250936329588
0.811543676157273,0.99250936329588
0.811349990315708,0.99250936329588
0.811156304474143,0.99250936329588
0.810962618632578,0.99250936329588
0.810768932791013,0.99250936329588
0.810575246949448,0.99250936329588
0.810381561107883,0.99250936329588
0.810187875266318,0.99250936329588
0.810187875266318,0.991974317817014
0.809994189424753,0.991974317817014
0.809800503583188,0.991974317817014
0.809606817741623,0.991974317817014
0.809413131900058,0.991974317817014
0.809219446058493,0.991974317817014
0.809025760216928,0.991974317817014
0.808832074375363,0.991974317817014
0.808638388533798,0.991974317817014
0.808444702692233,0.991974317817014
0.808251016850668,0.991974317817014
0.808057331009103,0.991974317817014
0.807863645167538,0.991974317817014
0.807669959325973,0.991974317817014
0.807476273484408,0.991974317817014
0.807282587642843,0.991974317817014
0.807088901801278,0.991974317817014
0.806895215959713,0.991974317817014
0.806701530118148,0.991974317817014
0.806507844276583,0.991974317817014
0.806314158435018,0.991974317817014
0.806120472593453,0.991974317817014
0.805926786751888,0.991974317817014
0.805733100910323,0.991974317817014
0.805539415068758,0.991974317817014
0.805345729227193,0.991974317817014
0.805152043385629,0.991974317817014
0.804958357544064,0.991974317817014
0.804764671702499,0.991974317817014
0.804570985860934,0.991974317817014
0.804377300019369,0.991974317817014
0.804183614177804,0.991974317817014
0.803989928336239,0.991974317817014
0.803796242494674,0.991974317817014
0.803602556653109,0.991974317817014
0.803408870811544,0.991974317817014
0.803215184969979,0.991974317817014
0.803021499128414,0.991974317817014
0.802827813286849,0.991974317817014
0.802634127445284,0.991974317817014
0.802440441603719,0.991974317817014
0.802246755762154,0.991974317817014
0.802053069920589,0.991974317817014
0.802053069920589,0.991439272338149
0.801859384079024,0.991439272338149
0.801665698237459,0.991439272338149
0.801472012395894,0.991439272338149
0.801278326554329,0.991439272338149
0.801084640712764,0.991439272338149
0.800890954871199,0.991439272338149
0.800697269029634,0.991439272338149
0.800503583188069,0.991439272338149
0.800309897346504,0.991439272338149
0.800116211504939,0.991439272338149
0.799922525663374,0.991439272338149
0.799728839821809,0.991439272338149
0.799535153980244,0.991439272338149
0.799341468138679,0.991439272338149
0.799147782297114,0.991439272338149
0.798954096455549,0.991439272338149
0.798760410613984,0.991439272338149
0.798566724772419,0.991439272338149
0.798373038930854,0.991439272338149
0.798179353089289,0.991439272338149
0.797985667247724,0.991439272338149
0.797791981406159,0.991439272338149
0.797598295564594,0.991439272338149
0.797404609723029,0.991439272338149
0.797210923881464,0.991439272338149
0.797017238039899,0.991439272338149
0.796823552198334,0.991439272338149
0.796629866356769,0.991439272338149
0.796436180515204,0.991439272338149
0.796242494673639,0.991439272338149
0.796048808832074,0.991439272338149
0.795855122990509,0.991439272338149
0.795661437148944,0.991439272338149
0.795467751307379,0.991439272338149
0.795274065465814,0.991439272338149
0.795080379624249,0.991439272338149
0.794886693782685,0.991439272338149
0.79469300794112,0.991439272338149
0.794499322099555,0.991439272338149
0.79430563625799,0.991439272338149
0.794111950416425,0.991439272338149
0.79391826457486,0.991439272338149
0.793724578733295,0.991439272338149
0.79353089289173,0.991439272338149
0.793337207050165,0.991439272338149
0.7931435212086,0.991439272338149
0.792949835367035,0.991439272338149
0.79275614952547,0.991439272338149
0.792562463683905,0.991439272338149
0.79236877784234,0.991439272338149
0.792175092000775,0.991439272338149
0.79198140615921,0.991439272338149
0.791787720317645,0.991439272338149
0.791787720317645,0.990904226859283
0.79159403447608,0.990904226859283
0.791400348634515,0.990904226859283
0.79120666279295,0.990904226859283
0.791012976951385,0.990904226859283
0.79081929110982,0.990904226859283
0.790625605268255,0.990904226859283
0.79043191942669,0.990904226859283
0.790238233585125,0.990904226859283
0.79004454774356,0.990904226859283
0.789850861901995,0.990904226859283
0.78965717606043,0.990904226859283
0.789463490218865,0.990904226859283
0.7892698043773,0.990904226859283
0.789076118535735,0.990904226859283
0.789076118535735,0.990369181380417
0.78888243269417,0.990369181380417
0.788688746852605,0.990369181380417
0.78849506101104,0.990369181380417
0.788301375169475,0.990369181380417
0.78810768932791,0.990369181380417
0.787914003486345,0.990369181380417
0.78772031764478,0.990369181380417
0.787526631803215,0.990369181380417
0.78733294596165,0.990369181380417
0.787139260120085,0.990369181380417
0.78694557427852,0.990369181380417
0.786751888436955,0.990369181380417
0.78655820259539,0.990369181380417
0.786364516753825,0.990369181380417
0.78617083091226,0.990369181380417
0.785977145070695,0.990369181380417
0.78578345922913,0.990369181380417
0.785589773387565,0.990369181380417
0.785396087546,0.990369181380417
0.785202401704435,0.990369181380417
0.78500871586287,0.990369181380417
0.784815030021305,0.990369181380417
0.784815030021305,0.989834135901552
0.78462134417974,0.989834135901552
0.784427658338176,0.989834135901552
0.784233972496611,0.989834135901552
0.784040286655046,0.989834135901552
0.783846600813481,0.989834135901552
0.783652914971916,0.989834135901552
0.783459229130351,0.989834135901552
0.783265543288786,0.989834135901552
0.783071857447221,0.989834135901552
0.782878171605656,0.989834135901552
0.782684485764091,0.989834135901552
0.782490799922526,0.989834135901552
0.782297114080961,0.989834135901552
0.782103428239396,0.989834135901552
0.781909742397831,0.989834135901552
0.781716056556266,0.989834135901552
0.781522370714701,0.989834135901552
0.781328684873136,0.989834135901552
0.781134999031571,0.989834135901552
0.780941313190006,0.989834135901552
0.780941313190006,0.989299090422686
0.780747627348441,0.989299090422686
0.780553941506876,0.989299090422686
0.780360255665311,0.989299090422686
0.780166569823746,0.989299090422686
0.779972883982181,0.989299090422686
0.779779198140616,0.989299090422686
0.779585512299051,0.989299090422686
0.779391826457486,0.989299090422686
0.779198140615921,0.989299090422686
0.779004454774356,0.989299090422686
0.778810768932791,0.989299090422686
0.778617083091226,0.989299090422686
0.778423397249661,0.989299090422686
0.778229711408096,0.989299090422686
0.778036025566531,0.989299090422686
0.777842339724966,0.989299090422686
0.777648653883401,0.989299090422686
0.777454968041836,0.989299090422686
0.777261282200271,0.989299090422686
0.777067596358706,0.989299090422686
0.776873910517141,0.989299090422686
0.776680224675576,0.989299090422686
0.776486538834011,0.989299090422686
0.776292852992446,0.989299090422686
0.776099167150881,0.989299090422686
0.775905481309316,0.989299090422686
0.775711795467751,0.989299090422686
0.775518109626186,0.989299090422686
0.775324423784621,0.989299090422686
0.775130737943056,0.989299090422686
0.774937052101491,0.989299090422686
0.774743366259926,0.989299090422686
0.774549680418361,0.989299090422686
0.774355994576796,0.989299090422686
0.774162308735231,0.989299090422686
0.773968622893666,0.989299090422686
0.773774937052101,0.989299090422686
0.773581251210536,0.989299090422686
0.773387565368971,0.989299090422686
0.773193879527406,0.989299090422686
0.773000193685841,0.989299090422686
0.772806507844277,0.989299090422686
0.772612822002712,0.989299090422686
0.772419136161147,0.989299090422686
0.772225450319582,0.989299090422686
0.772031764478017,0.989299090422686
0.771838078636452,0.989299090422686
0.771644392794887,0.989299090422686
0.771450706953322,0.989299090422686
0.771257021111757,0.989299090422686
0.771063335270192,0.989299090422686
0.770869649428627,0.989299090422686
0.770675963587062,0.989299090422686
0.770482277745497,0.989299090422686
0.770482277745497,0.98876404494382
0.770288591903932,0.98876404494382
0.770094906062367,0.98876404494382
0.769901220220802,0.98876404494382
0.769901220220802,0.988228999464955
0.769707534379237,0.988228999464955
0.769513848537672,0.988228999464955
0.769320162696107,0.988228999464955
0.769126476854542,0.988228999464955
0.768932791012977,0.988228999464955
0.768739105171412,0.988228999464955
0.768545419329847,0.988228999464955
0.768351733488282,0.988228999464955
0.768158047646717,0.988228999464955
0.767964361805152,0.988228999464955
0.767770675963587,0.988228999464955
0.767576990122022,0.988228999464955
0.767383304280457,0.988228999464955
0.767189618438892,0.988228999464955
0.766995932597327,0.988228999464955
0.766802246755762,0.988228999464955
0.766608560914197,0.988228999464955
0.766414875072632,0.988228999464955
0.766221189231067,0.988228999464955
0.766027503389502,0.988228999464955
0.765833817547937,0.988228999464955
0.765640131706372,0.988228999464955
0.765446445864807,0.988228999464955
0.765252760023242,0.988228999464955
0.765059074181677,0.988228999464955
0.764865388340112,0.988228999464955
0.764671702498547,0.988228999464955
0.764478016656982,0.988228999464955
0.764284330815417,0.988228999464955
0.764090644973852,0.988228999464955
0.763896959132287,0.988228999464955
0.763703273290723,0.988228999464955
0.763509587449158,0.988228999464955
0.763315901607593,0.988228999464955
0.763122215766028,0.988228999464955
0.762928529924463,0.988228999464955
0.762734844082898,0.988228999464955
0.762541158241333,0.988228999464955
0.762347472399768,0.988228999464955
0.762153786558203,0.988228999464955
0.761960100716638,0.988228999464955
0.761766414875073,0.988228999464955
0.761572729033508,0.988228999464955
0.761379043191943,0.988228999464955
0.761185357350378,0.988228999464955
0.760991671508813,0.988228999464955
0.760797985667248,0.988228999464955
0.760604299825683,0.988228999464955
0.760410613984118,0.988228999464955
0.760216928142553,0.988228999464955
0.760023242300988,0.988228999464955
0.759829556459423,0.988228999464955
0.759635870617858,0.988228999464955
0.759442184776293,0.988228999464955
0.759248498934728,0.988228999464955
0.759054813093163,0.988228999464955
0.758861127251598,0.988228999464955
0.758667441410033,0.988228999464955
0.758473755568468,0.988228999464955
0.758280069726903,0.988228999464955
0.758086383885338,0.988228999464955
0.757892698043773,0.988228999464955
0.757892698043773,0.987693953986089
0.757699012202208,0.987693953986089
0.757505326360643,0.987693953986089
0.757311640519078,0.987693953986089
0.757117954677513,0.987693953986089
0.756924268835948,0.987693953986089
0.756730582994383,0.987693953986089
0.756536897152818,0.987693953986089
0.756343211311253,0.987693953986089
0.756149525469688,0.987693953986089
0.755955839628123,0.987693953986089
0.755762153786558,0.987693953986089
0.755568467944993,0.987693953986089
0.755374782103428,0.987693953986089
0.755181096261863,0.987693953986089
0.754987410420298,0.987693953986089
0.754793724578733,0.987693953986089
0.754600038737168,0.987693953986089
0.754406352895603,0.987693953986089
0.754212667054038,0.987693953986089
0.754018981212473,0.987693953986089
0.753825295370908,0.987693953986089
0.753631609529343,0.987693953986089
0.753437923687778,0.987693953986089
0.753244237846213,0.987693953986089
0.753050552004648,0.987693953986089
0.752856866163083,0.987693953986089
0.752663180321518,0.987693953986089
0.752469494479953,0.987693953986089
0.752275808638388,0.987693953986089
0.752082122796824,0.987693953986089
0.751888436955259,0.987693953986089
0.751694751113694,0.987693953986089
0.751501065272129,0.987693953986089
0.751307379430564,0.987693953986089
0.751113693588999,0.987693953986089
0.750920007747434,0.987693953986089
0.750726321905869,0.987693953986089
0.750532636064304,0.987693953986089
0.750338950222739,0.987693953986089
0.750145264381174,0.987693953986089
0.749951578539609,0.987693953986089
0.749757892698044,0.987693953986089
0.749564206856479,0.987693953986089
0.749370521014914,0.987693953986089
0.749176835173349,0.987693953986089
0.748983149331784,0.987693953986089
0.748789463490219,0.987693953986089
0.748595777648654,0.987693953986089
0.748402091807089,0.987693953986089
0.748208405965524,0.987693953986089
0.748014720123959,0.987693953986089
0.747821034282394,0.987693953986089
0.747627348440829,0.987693953986089
0.747433662599264,0.987693953986089
0.747239976757699,0.987693953986089
0.747046290916134,0.987693953986089
0.746852605074569,0.987693953986089
0.746658919233004,0.987693953986089
0.746465233391439,0.987693953986089
0.746271547549874,0.987693953986089
0.746077861708309,0.987693953986089
0.745884175866744,0.987693953986089
0.745690490025179,0.987693953986089
0.745496804183614,0.987693953986089
0.745303118342049,0.987693953986089
0.745109432500484,0.987693953986089
0.744915746658919,0.987693953986089
0.744722060817354,0.987693953986089
0.744528374975789,0.987693953986089
0.744334689134224,0.987693953986089
0.744141003292659,0.987693953986089
0.743947317451094,0.987693953986089
0.743753631609529,0.987693953986089
0.743559945767964,0.987693953986089
0.743366259926399,0.987693953986089
0.743172574084834,0.987693953986089
0.742978888243269,0.987693953986089
0.742785202401704,0.987693953986089
0.742591516560139,0.987693953986089
0.742397830718574,0.987693953986089
0.742204144877009,0.987693953986089
0.742010459035444,0.987693953986089
0.74181677319388,0.987693953986089
0.741623087352315,0.987693953986089
0.74142940151075,0.987693953986089
0.741235715669185,0.987693953986089
0.74104202982762,0.987693953986089
0.740848343986055,0.987693953986089
0.74065465814449,0.987693953986089
0.740460972302925,0.987693953986089
0.74026728646136,0.987693953986089
0.740073600619795,0.987693953986089
0.73987991477823,0.987693953986089
0.739686228936665,0.987693953986089
0.7394925430951,0.987693953986089
0.739298857253535,0.987693953986089
0.73910517141197,0.987693953986089
0.738911485570405,0.987693953986089
0.73871779972884,0.987693953986089
0.738524113887275,0.987693953986089
0.73833042804571,0.987693953986089
0.738136742204145,0.987693953986089
0.73794305636258,0.987693953986089
0.737749370521015,0.987693953986089
0.73755568467945,0.987693953986089
0.737361998837885,0.987693953986089
0.73716831299632,0.987693953986089
0.736974627154755,0.987693953986089
0.73678094131319,0.987693953986089
0.73678094131319,0.987158908507223
0.736587255471625,0.987158908507223
0.73639356963006,0.987158908507223
0.736199883788495,0.987158908507223
0.73600619794693,0.987158908507223
0.735812512105365,0.987158908507223
0.7356188262638,0.987158908507223
0.735425140422235,0.987158908507223
0.73523145458067,0.987158908507223
0.735037768739105,0.987158908507223
0.73484408289754,0.987158908507223
0.734650397055975,0.987158908507223
0.73445671121441,0.987158908507223
0.734263025372845,0.987158908507223
0.73406933953128,0.987158908507223
0.733875653689715,0.987158908507223
0.73368196784815,0.987158908507223
0.733488282006585,0.987158908507223
0.73329459616502,0.987158908507223
0.733100910323455,0.987158908507223
0.733100910323455,0.986623863028357
0.73290722448189,0.986623863028357
0.732713538640325,0.986623863028357
0.73251985279876,0.986623863028357
0.732326166957195,0.986623863028357
0.73213248111563,0.986623863028357
0.731938795274065,0.986623863028357
0.7317451094325,0.986623863028357
0.731551423590936,0.986623863028357
0.731357737749371,0.986623863028357
0.731164051907806,0.986623863028357
0.730970366066241,0.986623863028357
0.730776680224676,0.986623863028357
0.730582994383111,0.986623863028357
0.730389308541546,0.986623863028357
0.730195622699981,0.986623863028357
0.730001936858416,0.986623863028357
0.729808251016851,0.986623863028357
0.729614565175286,0.986623863028357
0.729420879333721,0.986623863028357
0.729227193492156,0.986623863028357
0.729033507650591,0.986623863028357
0.728839821809026,0.986623863028357
0.728646135967461,0.986623863028357
0.728452450125896,0.986623863028357
0.728258764284331,0.986623863028357
0.728065078442766,0.986623863028357
0.727871392601201,0.986623863028357
0.727677706759636,0.986623863028357
0.727484020918071,0.986623863028357
0.727290335076506,0.986623863028357
0.727096649234941,0.986623863028357
0.726902963393376,0.986623863028357
0.726709277551811,0.986623863028357
0.726515591710246,0.986623863028357
0.726321905868681,0.986623863028357
0.726128220027116,0.986623863028357
0.725934534185551,0.986623863028357
0.725740848343986,0.986623863028357
0.725547162502421,0.986623863028357
0.725353476660856,0.986623863028357
0.725159790819291,0.986623863028357
0.724966104977726,0.986623863028357
0.724772419136161,0.986623863028357
0.724578733294596,0.986623863028357
0.724385047453031,0.986623863028357
0.724191361611466,0.986623863028357
0.723997675769901,0.986623863028357
0.723803989928336,0.986623863028357
0.723610304086771,0.986623863028357
0.723416618245206,0.986623863028357
0.723222932403641,0.986623863028357
0.723029246562076,0.986623863028357
0.722835560720511,0.986623863028357
0.722641874878946,0.986623863028357
0.722448189037381,0.986623863028357
0.722254503195816,0.986623863028357
0.722060817354251,0.986623863028357
0.721867131512686,0.986623863028357
0.721673445671121,0.986623863028357
0.721479759829556,0.986623863028357
0.721286073987991,0.986623863028357
0.721092388146427,0.986623863028357
0.720898702304862,0.986623863028357
0.720705016463297,0.986623863028357
0.720511330621732,0.986623863028357
0.720317644780167,0.986623863028357
0.720123958938602,0.986623863028357
0.719930273097037,0.986623863028357
0.719736587255472,0.986623863028357
0.719542901413907,0.986623863028357
0.719349215572342,0.986623863028357
0.719155529730777,0.986623863028357
0.718961843889212,0.986623863028357
0.718768158047647,0.986623863028357
0.718574472206082,0.986623863028357
0.718380786364517,0.986623863028357
0.718187100522952,0.986623863028357
0.717993414681387,0.986623863028357
0.717799728839822,0.986623863028357
0.717606042998257,0.986623863028357
0.717412357156692,0.986623863028357
0.717218671315127,0.986623863028357
0.717024985473562,0.986623863028357
0.716831299631997,0.986623863028357
0.716637613790432,0.986623863028357
0.716443927948867,0.986623863028357
0.716250242107302,0.986623863028357
0.716056556265737,0.986623863028357
0.716056556265737,0.986088817549492
0.715862870424172,0.986088817549492
0.715669184582607,0.986088817549492
0.715475498741042,0.986088817549492
0.715281812899477,0.986088817549492
0.715088127057912,0.986088817549492
0.714894441216347,0.986088817549492
0.714700755374782,0.986088817549492
0.714507069533217,0.986088817549492
0.714313383691652,0.986088817549492
0.714119697850087,0.986088817549492
0.713926012008522,0.986088817549492
0.713732326166957,0.986088817549492
0.713538640325392,0.986088817549492
0.713344954483827,0.986088817549492
0.713151268642262,0.986088817549492
0.712957582800697,0.986088817549492
0.712763896959132,0.986088817549492
0.712570211117567,0.986088817549492
0.712376525276002,0.986088817549492
0.712182839434437,0.986088817549492
0.711989153592872,0.986088817549492
0.711795467751307,0.986088817549492
0.711601781909742,0.986088817549492
0.711408096068177,0.986088817549492
0.711214410226612,0.986088817549492
0.711020724385047,0.986088817549492
0.710827038543483,0.986088817549492
0.710633352701918,0.986088817549492
0.710439666860353,0.986088817549492
0.710245981018788,0.986088817549492
0.710052295177223,0.986088817549492
0.709858609335658,0.986088817549492
0.709664923494093,0.986088817549492
0.709471237652528,0.986088817549492
0.709277551810963,0.986088817549492
0.709083865969398,0.986088817549492
0.708890180127833,0.986088817549492
0.708696494286268,0.986088817549492
0.708502808444703,0.986088817549492
0.708309122603138,0.986088817549492
0.708115436761573,0.986088817549492
0.707921750920008,0.986088817549492
0.707728065078443,0.986088817549492
0.707534379236878,0.986088817549492
0.707340693395313,0.986088817549492
0.707147007553748,0.986088817549492
0.706953321712183,0.986088817549492
0.706759635870618,0.986088817549492
0.706565950029053,0.986088817549492
0.706372264187488,0.986088817549492
0.706178578345923,0.986088817549492
0.705984892504358,0.986088817549492
0.705791206662793,0.986088817549492
0.705597520821228,0.986088817549492
0.705403834979663,0.986088817549492
0.705210149138098,0.986088817549492
0.705016463296533,0.986088817549492
0.704822777454968,0.986088817549492
0.704629091613403,0.986088817549492
0.704435405771838,0.986088817549492
0.704241719930273,0.986088817549492
0.704048034088708,0.986088817549492
0.703854348247143,0.986088817549492
0.703660662405578,0.986088817549492
0.703466976564013,0.986088817549492
0.703273290722448,0.986088817549492
0.703079604880883,0.986088817549492
0.702885919039318,0.986088817549492
0.702692233197753,0.986088817549492
0.702498547356188,0.986088817549492
0.702304861514623,0.986088817549492
0.702111175673058,0.986088817549492
0.701917489831493,0.986088817549492
0.701723803989928,0.986088817549492
0.701530118148363,0.986088817549492
0.701336432306798,0.986088817549492
0.701142746465233,0.986088817549492
0.700949060623668,0.986088817549492
0.700755374782103,0.986088817549492
0.700561688940538,0.986088817549492
0.700368003098973,0.986088817549492
0.700174317257408,0.986088817549492
0.699980631415843,0.986088817549492
0.699786945574278,0.986088817549492
0.699593259732713,0.986088817549492
0.699399573891148,0.986088817549492
0.699205888049584,0.986088817549492
0.699012202208019,0.986088817549492
0.698818516366454,0.986088817549492
0.698624830524889,0.986088817549492
0.698431144683324,0.986088817549492
0.698237458841759,0.986088817549492
0.698043773000194,0.986088817549492
0.697850087158629,0.986088817549492
0.697656401317064,0.986088817549492
0.697462715475499,0.986088817549492
0.697269029633934,0.986088817549492
0.697075343792369,0.986088817549492
0.696881657950804,0.986088817549492
0.696881657950804,0.985553772070626
0.696687972109239,0.985553772070626
0.696494286267674,0.985553772070626
0.696300600426109,0.985553772070626
0.696106914584544,0.985553772070626
0.695913228742979,0.985553772070626
0.695719542901414,0.985553772070626
0.695525857059849,0.985553772070626
0.695332171218284,0.985553772070626
0.695138485376719,0.985553772070626
0.694944799535154,0.985553772070626
0.694751113693589,0.985553772070626
0.694557427852024,0.985553772070626
0.694363742010459,0.985553772070626
0.694170056168894,0.985553772070626
0.693976370327329,0.985553772070626
0.693782684485764,0.985553772070626
0.693588998644199,0.985553772070626
0.693395312802634,0.985553772070626
0.693201626961069,0.985553772070626
0.693007941119504,0.985553772070626
0.692814255277939,0.985553772070626
0.692620569436374,0.985553772070626
0.692426883594809,0.985553772070626
0.692233197753244,0.985553772070626
0.692039511911679,0.985553772070626
0.691845826070114,0.985553772070626
0.691652140228549,0.985553772070626
0.691458454386984,0.985553772070626
0.691264768545419,0.985553772070626
0.691071082703854,0.985553772070626
0.690877396862289,0.985553772070626
0.690683711020724,0.985553772070626
0.690490025179159,0.985553772070626
0.690296339337594,0.985553772070626
0.69010265349603,0.985553772070626
0.689908967654465,0.985553772070626
0.6897152818129,0.985553772070626
0.689521595971335,0.985553772070626
0.68932791012977,0.985553772070626
0.689134224288205,0.985553772070626
0.68894053844664,0.985553772070626
0.688746852605075,0.985553772070626
0.68855316676351,0.985553772070626
0.688359480921945,0.985553772070626
0.68816579508038,0.985553772070626
0.687972109238815,0.985553772070626
0.68777842339725,0.985553772070626
0.687584737555685,0.985553772070626
0.68739105171412,0.985553772070626
0.687197365872555,0.985553772070626
0.68700368003099,0.985553772070626
0.686809994189425,0.985553772070626
0.68661630834786,0.985553772070626
0.686422622506295,0.985553772070626
0.68622893666473,0.985553772070626
0.686035250823165,0.985553772070626
0.6858415649816,0.985553772070626
0.685647879140035,0.985553772070626
0.68545419329847,0.985553772070626
0.685260507456905,0.985553772070626
0.68506682161534,0.985553772070626
0.684873135773775,0.985553772070626
0.68467944993221,0.985553772070626
0.684485764090645,0.985553772070626
0.68429207824908,0.985553772070626
0.684098392407515,0.985553772070626
0.68390470656595,0.985553772070626
0.683711020724385,0.985553772070626
0.68351733488282,0.985553772070626
0.683323649041255,0.985553772070626
0.68312996319969,0.985553772070626
0.682936277358125,0.985553772070626
0.68274259151656,0.985553772070626
0.68274259151656,0.98501872659176
0.682548905674995,0.98501872659176
0.68235521983343,0.98501872659176
0.682161533991865,0.98501872659176
0.6819678481503,0.98501872659176
0.6819678481503,0.984483681112895
0.681774162308735,0.984483681112895
0.68158047646717,0.984483681112895
0.681386790625605,0.984483681112895
0.68119310478404,0.984483681112895
0.680999418942475,0.984483681112895
0.68080573310091,0.984483681112895
0.680612047259345,0.984483681112895
0.68041836141778,0.984483681112895
0.680224675576215,0.984483681112895
0.68003098973465,0.984483681112895
0.679837303893085,0.984483681112895
0.67964361805152,0.984483681112895
0.679449932209955,0.984483681112895
0.67925624636839,0.984483681112895
0.679062560526825,0.984483681112895
0.67886887468526,0.984483681112895
0.678675188843695,0.984483681112895
0.678481503002131,0.984483681112895
0.678287817160566,0.984483681112895
0.678094131319001,0.984483681112895
0.677900445477436,0.984483681112895
0.677706759635871,0.984483681112895
0.677513073794306,0.984483681112895
0.677319387952741,0.984483681112895
0.677125702111176,0.984483681112895
0.676932016269611,0.984483681112895
0.676738330428046,0.984483681112895
0.676544644586481,0.984483681112895
0.676350958744916,0.984483681112895
0.676350958744916,0.983948635634029
0.676157272903351,0.983948635634029
0.676157272903351,0.983413590155163
0.675963587061786,0.983413590155163
0.675769901220221,0.983413590155163
0.675576215378656,0.983413590155163
0.675382529537091,0.983413590155163
0.675188843695526,0.983413590155163
0.674995157853961,0.983413590155163
0.674801472012396,0.983413590155163
0.674607786170831,0.983413590155163
0.674414100329266,0.983413590155163
0.674220414487701,0.983413590155163
0.674026728646136,0.983413590155163
0.673833042804571,0.983413590155163
0.673639356963006,0.983413590155163
0.673445671121441,0.983413590155163
0.673445671121441,0.982878544676298
0.673251985279876,0.982878544676298
0.673251985279876,0.982343499197432
0.673058299438311,0.982343499197432
0.672864613596746,0.982343499197432
0.672670927755181,0.982343499197432
0.672477241913616,0.982343499197432
0.672283556072051,0.982343499197432
0.672089870230486,0.982343499197432
0.671896184388921,0.982343499197432
0.671702498547356,0.982343499197432
0.671508812705791,0.982343499197432
0.671315126864226,0.982343499197432
0.671121441022661,0.982343499197432
0.670927755181096,0.982343499197432
0.670734069339531,0.982343499197432
0.670540383497966,0.982343499197432
0.670346697656401,0.982343499197432
0.670153011814836,0.982343499197432
0.669959325973271,0.982343499197432
0.669765640131706,0.982343499197432
0.669571954290141,0.982343499197432
0.669378268448576,0.982343499197432
0.669184582607011,0.982343499197432
0.668990896765446,0.982343499197432
0.668797210923881,0.982343499197432
0.668603525082316,0.982343499197432
0.668603525082316,0.981808453718566
0.668409839240751,0.981808453718566
0.668216153399186,0.981808453718566
0.668022467557622,0.981808453718566
0.667828781716057,0.981808453718566
0.667635095874492,0.981808453718566
0.667441410032927,0.981808453718566
0.667247724191362,0.981808453718566
0.667054038349797,0.981808453718566
0.666860352508232,0.981808453718566
0.666666666666667,0.981808453718566
0.666472980825102,0.981808453718566
0.666279294983537,0.981808453718566
0.666279294983537,0.9812734082397
0.666279294983537,0.980738362760835
0.666279294983537,0.980203317281969
0.666085609141972,0.980203317281969
0.665891923300407,0.980203317281969
0.665698237458842,0.980203317281969
0.665504551617277,0.980203317281969
0.665310865775712,0.980203317281969
0.665117179934147,0.980203317281969
0.664923494092582,0.980203317281969
0.664729808251017,0.980203317281969
0.664536122409452,0.980203317281969
0.664342436567887,0.980203317281969
0.664148750726322,0.980203317281969
0.663955064884757,0.980203317281969
0.663761379043192,0.980203317281969
0.663567693201627,0.980203317281969
0.663374007360062,0.980203317281969
0.663180321518497,0.980203317281969
0.662986635676932,0.980203317281969
0.662792949835367,0.980203317281969
0.662599263993802,0.980203317281969
0.662405578152237,0.980203317281969
0.662211892310672,0.980203317281969
0.662018206469107,0.980203317281969
0.662018206469107,0.979668271803103
0.661824520627542,0.979668271803103
0.661630834785977,0.979668271803103
0.661437148944412,0.979668271803103
0.661243463102847,0.979668271803103
0.661049777261282,0.979668271803103
0.661049777261282,0.979133226324238
0.660856091419717,0.979133226324238
0.660662405578152,0.979133226324238
0.660468719736587,0.979133226324238
0.660275033895022,0.979133226324238
0.660081348053457,0.979133226324238
0.659887662211892,0.979133226324238
0.659693976370327,0.979133226324238
0.659500290528762,0.979133226324238
0.659306604687197,0.979133226324238
0.659112918845632,0.979133226324238
0.658919233004067,0.979133226324238
0.658725547162502,0.979133226324238
0.658531861320937,0.979133226324238
0.658338175479372,0.979133226324238
0.658144489637807,0.979133226324238
0.657950803796242,0.979133226324238
0.657757117954678,0.979133226324238
0.657563432113113,0.979133226324238
0.657369746271548,0.979133226324238
0.657176060429983,0.979133226324238
0.656982374588418,0.979133226324238
0.656788688746853,0.979133226324238
0.656595002905288,0.979133226324238
0.656401317063723,0.979133226324238
0.656207631222158,0.979133226324238
0.656013945380593,0.979133226324238
0.655820259539028,0.979133226324238
0.655626573697463,0.979133226324238
0.655432887855898,0.979133226324238
0.655239202014333,0.979133226324238
0.655045516172768,0.979133226324238
0.654851830331203,0.979133226324238
0.654658144489638,0.979133226324238
0.654464458648073,0.979133226324238
0.654270772806508,0.979133226324238
0.654077086964943,0.979133226324238
0.653883401123378,0.979133226324238
0.653689715281813,0.979133226324238
0.653689715281813,0.978598180845372
0.653496029440248,0.978598180845372
0.653302343598683,0.978598180845372
0.653108657757118,0.978598180845372
0.652914971915553,0.978598180845372
0.652721286073988,0.978598180845372
0.652721286073988,0.978063135366506
0.652527600232423,0.978063135366506
0.652333914390858,0.978063135366506
0.652140228549293,0.978063135366506
0.651946542707728,0.978063135366506
0.651752856866163,0.978063135366506
0.651559171024598,0.978063135366506
0.651365485183033,0.978063135366506
0.651171799341468,0.978063135366506
0.650978113499903,0.978063135366506
0.650784427658338,0.978063135366506
0.650784427658338,0.97752808988764
0.650590741816773,0.97752808988764
0.650397055975208,0.97752808988764
0.650203370133643,0.97752808988764
0.650009684292078,0.97752808988764
0.649815998450513,0.97752808988764
0.649622312608948,0.97752808988764
0.649428626767383,0.97752808988764
0.649428626767383,0.976993044408775
0.649234940925818,0.976993044408775
0.649234940925818,0.976457998929909
0.649041255084253,0.976457998929909
0.648847569242688,0.976457998929909
0.648847569242688,0.975922953451043
0.648653883401123,0.975922953451043
0.648460197559558,0.975922953451043
0.648266511717993,0.975922953451043
0.648072825876428,0.975922953451043
0.647879140034863,0.975922953451043
0.647879140034863,0.975387907972178
0.647685454193298,0.975387907972178
0.647491768351733,0.975387907972178
0.647298082510169,0.975387907972178
0.647104396668604,0.975387907972178
0.646910710827039,0.975387907972178
0.646717024985474,0.975387907972178
0.646523339143909,0.975387907972178
0.646329653302344,0.975387907972178
0.646135967460779,0.975387907972178
0.645942281619214,0.975387907972178
0.645748595777649,0.975387907972178
0.645748595777649,0.974852862493312
0.645554909936084,0.974852862493312
0.645361224094519,0.974852862493312
0.645167538252954,0.974852862493312
0.644973852411389,0.974852862493312
0.644780166569824,0.974852862493312
0.644586480728259,0.974852862493312
0.644392794886694,0.974852862493312
0.644199109045129,0.974852862493312
0.644005423203564,0.974852862493312
0.643811737361999,0.974852862493312
0.643618051520434,0.974852862493312
0.643424365678869,0.974852862493312
0.643230679837304,0.974852862493312
0.643036993995739,0.974852862493312
0.642843308154174,0.974852862493312
0.642649622312609,0.974852862493312
0.642455936471044,0.974852862493312
0.642262250629479,0.974852862493312
0.642068564787914,0.974852862493312
0.641874878946349,0.974852862493312
0.641681193104784,0.974852862493312
0.641487507263219,0.974852862493312
0.641293821421654,0.974852862493312
0.641100135580089,0.974852862493312
0.640906449738524,0.974852862493312
0.640712763896959,0.974852862493312
0.640519078055394,0.974852862493312
0.640325392213829,0.974852862493312
0.640131706372264,0.974852862493312
0.639938020530699,0.974852862493312
0.639744334689134,0.974852862493312
0.639550648847569,0.974852862493312
0.639356963006004,0.974852862493312
0.639163277164439,0.974852862493312
0.638969591322874,0.974852862493312
0.638775905481309,0.974852862493312
0.638582219639744,0.974852862493312
0.638388533798179,0.974852862493312
0.638194847956614,0.974852862493312
0.638001162115049,0.974852862493312
0.637807476273484,0.974852862493312
0.637613790431919,0.974852862493312
0.637420104590354,0.974852862493312
0.637226418748789,0.974852862493312
0.637032732907225,0.974852862493312
0.63683904706566,0.974852862493312
0.636645361224095,0.974852862493312
0.63645167538253,0.974852862493312
0.636257989540965,0.974852862493312
0.636257989540965,0.974317817014446
0.6360643036994,0.974317817014446
0.635870617857835,0.974317817014446
0.63567693201627,0.974317817014446
0.635483246174705,0.974317817014446
0.63528956033314,0.974317817014446
0.635095874491575,0.974317817014446
0.63490218865001,0.974317817014446
0.634708502808445,0.974317817014446
0.63451481696688,0.974317817014446
0.634321131125315,0.974317817014446
0.63412744528375,0.974317817014446
0.633933759442185,0.974317817014446
0.63374007360062,0.974317817014446
0.633546387759055,0.974317817014446
0.63335270191749,0.974317817014446
0.633159016075925,0.974317817014446
0.63296533023436,0.974317817014446
0.632771644392795,0.974317817014446
0.63257795855123,0.974317817014446
0.632384272709665,0.974317817014446
0.6321905868681,0.974317817014446
0.6321905868681,0.973782771535581
0.631996901026535,0.973782771535581
0.63180321518497,0.973782771535581
0.631609529343405,0.973782771535581
0.63141584350184,0.973782771535581
0.631222157660275,0.973782771535581
0.631222157660275,0.973247726056715
0.63102847181871,0.973247726056715
0.630834785977145,0.973247726056715
0.63064110013558,0.973247726056715
0.630447414294015,0.973247726056715
0.63025372845245,0.973247726056715
0.630060042610885,0.973247726056715
0.62986635676932,0.973247726056715
0.629672670927755,0.973247726056715
0.62947898508619,0.973247726056715
0.629285299244625,0.973247726056715
0.62909161340306,0.973247726056715
0.628897927561495,0.973247726056715
0.62870424171993,0.973247726056715
0.628510555878365,0.973247726056715
0.6283168700368,0.973247726056715
0.628123184195235,0.973247726056715
0.62792949835367,0.973247726056715
0.627735812512105,0.973247726056715
0.62754212667054,0.973247726056715
0.627348440828975,0.973247726056715
0.62715475498741,0.973247726056715
0.626961069145845,0.973247726056715
0.62676738330428,0.973247726056715
0.626573697462715,0.973247726056715
0.62638001162115,0.973247726056715
0.626186325779585,0.973247726056715
0.62599263993802,0.973247726056715
0.625798954096455,0.973247726056715
0.62560526825489,0.973247726056715
0.625411582413326,0.973247726056715
0.625217896571761,0.973247726056715
0.625024210730196,0.973247726056715
0.625024210730196,0.972712680577849
0.624830524888631,0.972712680577849
0.624636839047066,0.972712680577849
0.624443153205501,0.972712680577849
0.624249467363936,0.972712680577849
0.624055781522371,0.972712680577849
0.623862095680806,0.972712680577849
0.623668409839241,0.972712680577849
0.623474723997676,0.972712680577849
0.623281038156111,0.972712680577849
0.623087352314546,0.972712680577849
0.622893666472981,0.972712680577849
0.622699980631416,0.972712680577849
0.622699980631416,0.972177635098983
0.622506294789851,0.972177635098983
0.622312608948286,0.972177635098983
0.622118923106721,0.972177635098983
0.621925237265156,0.972177635098983
0.621731551423591,0.972177635098983
0.621537865582026,0.972177635098983
0.621344179740461,0.972177635098983
0.621150493898896,0.972177635098983
0.620956808057331,0.972177635098983
0.620763122215766,0.972177635098983
0.620569436374201,0.972177635098983
0.620375750532636,0.972177635098983
0.620182064691071,0.972177635098983
0.619988378849506,0.972177635098983
0.619794693007941,0.972177635098983
0.619601007166376,0.972177635098983
0.619407321324811,0.972177635098983
0.619407321324811,0.971642589620118
0.619213635483246,0.971642589620118
0.619019949641681,0.971642589620118
0.618826263800116,0.971642589620118
0.618632577958551,0.971642589620118
0.618438892116986,0.971642589620118
0.618245206275421,0.971642589620118
0.618051520433856,0.971642589620118
0.617857834592291,0.971642589620118
0.617664148750726,0.971642589620118
0.617470462909161,0.971642589620118
0.617276777067596,0.971642589620118
0.617083091226031,0.971642589620118
0.617083091226031,0.971107544141252
0.616889405384466,0.971107544141252
0.616695719542901,0.971107544141252
0.616502033701336,0.971107544141252
0.616308347859772,0.971107544141252
0.616114662018207,0.971107544141252
0.615920976176642,0.971107544141252
0.615727290335077,0.971107544141252
0.615533604493512,0.971107544141252
0.615339918651947,0.971107544141252
0.615146232810382,0.971107544141252
0.614952546968817,0.971107544141252
0.614758861127252,0.971107544141252
0.614758861127252,0.970572498662386
0.614565175285687,0.970572498662386
0.614371489444122,0.970572498662386
0.614177803602557,0.970572498662386
0.613984117760992,0.970572498662386
0.613984117760992,0.970037453183521
0.613790431919427,0.970037453183521
0.613596746077862,0.970037453183521
0.613403060236297,0.970037453183521
0.613209374394732,0.970037453183521
0.613015688553167,0.970037453183521
0.612822002711602,0.970037453183521
0.612822002711602,0.969502407704655
0.612628316870037,0.969502407704655
0.612434631028472,0.969502407704655
0.612240945186907,0.969502407704655
0.612047259345342,0.969502407704655
0.611853573503777,0.969502407704655
0.611659887662212,0.969502407704655
0.611659887662212,0.968967362225789
0.611466201820647,0.968967362225789
0.611272515979082,0.968967362225789
0.611078830137517,0.968967362225789
0.611078830137517,0.968432316746924
0.611078830137517,0.967897271268058
0.610885144295952,0.967897271268058
0.610691458454387,0.967897271268058
0.610497772612822,0.967897271268058
0.610304086771257,0.967897271268058
0.610110400929692,0.967897271268058
0.609916715088127,0.967897271268058
0.609723029246562,0.967897271268058
0.609529343404997,0.967897271268058
0.609335657563432,0.967897271268058
0.609335657563432,0.967362225789192
0.609141971721867,0.967362225789192
0.608948285880302,0.967362225789192
0.608754600038737,0.967362225789192
0.608754600038737,0.966827180310326
0.608560914197172,0.966827180310326
0.608367228355607,0.966827180310326
0.608173542514042,0.966827180310326
0.607979856672477,0.966827180310326
0.607979856672477,0.966292134831461
0.607786170830912,0.966292134831461
0.607592484989347,0.966292134831461
0.607398799147782,0.966292134831461
0.607205113306217,0.966292134831461
0.607011427464652,0.966292134831461
0.606817741623087,0.966292134831461
0.606624055781522,0.966292134831461
0.606430369939957,0.966292134831461
0.606236684098392,0.966292134831461
0.606042998256827,0.966292134831461
0.605849312415262,0.966292134831461
0.605655626573697,0.966292134831461
0.605461940732132,0.966292134831461
0.605268254890567,0.966292134831461
0.605074569049002,0.966292134831461
0.604880883207437,0.966292134831461
0.604687197365873,0.966292134831461
0.604493511524308,0.966292134831461
0.604299825682743,0.966292134831461
0.604106139841178,0.966292134831461
0.603912453999613,0.966292134831461
0.603718768158048,0.966292134831461
0.603525082316483,0.966292134831461
0.603331396474918,0.966292134831461
0.603137710633353,0.966292134831461
0.602944024791788,0.966292134831461
0.602750338950223,0.966292134831461
0.602556653108658,0.966292134831461
0.602362967267093,0.966292134831461
0.602169281425528,0.966292134831461
0.601975595583963,0.966292134831461
0.601781909742398,0.966292134831461
0.601588223900833,0.966292134831461
0.601588223900833,0.965757089352595
0.601394538059268,0.965757089352595
0.601200852217703,0.965757089352595
0.601007166376138,0.965757089352595
0.600813480534573,0.965757089352595
0.600619794693008,0.965757089352595
0.600426108851443,0.965757089352595
0.600232423009878,0.965757089352595
0.600038737168313,0.965757089352595
0.599845051326748,0.965757089352595
0.599651365485183,0.965757089352595
0.599457679643618,0.965757089352595
0.599457679643618,0.965222043873729
0.599263993802053,0.965222043873729
0.599263993802053,0.964686998394864
0.599070307960488,0.964686998394864
0.598876622118923,0.964686998394864
0.598682936277358,0.964686998394864
0.598489250435793,0.964686998394864
0.598295564594228,0.964686998394864
0.598101878752663,0.964686998394864
0.597908192911098,0.964686998394864
0.597714507069533,0.964686998394864
0.597520821227968,0.964686998394864
0.597327135386403,0.964686998394864
0.597133449544838,0.964686998394864
0.596939763703273,0.964686998394864
0.596746077861708,0.964686998394864
0.596552392020143,0.964686998394864
0.596358706178578,0.964686998394864
0.596165020337013,0.964686998394864
0.595971334495448,0.964686998394864
0.595971334495448,0.964151952915998
0.595777648653883,0.964151952915998
0.595583962812318,0.964151952915998
0.595390276970753,0.964151952915998
0.595196591129188,0.964151952915998
0.595002905287623,0.964151952915998
0.594809219446058,0.964151952915998
0.594615533604493,0.964151952915998
0.594615533604493,0.963616907437132
0.594421847762929,0.963616907437132
0.594228161921364,0.963616907437132
0.594034476079799,0.963616907437132
0.593840790238234,0.963616907437132
0.593647104396669,0.963616907437132
0.593647104396669,0.963081861958267
0.593453418555104,0.963081861958267
0.593259732713539,0.963081861958267
0.593066046871974,0.963081861958267
0.593066046871974,0.962546816479401
0.592872361030409,0.962546816479401
0.592678675188844,0.962546816479401
0.592484989347279,0.962546816479401
0.592291303505714,0.962546816479401
0.592097617664149,0.962546816479401
0.591903931822584,0.962546816479401
0.591710245981019,0.962546816479401
0.591516560139454,0.962546816479401
0.591322874297889,0.962546816479401
0.591129188456324,0.962546816479401
0.590935502614759,0.962546816479401
0.590741816773194,0.962546816479401
0.590548130931629,0.962546816479401
0.590354445090064,0.962546816479401
0.590160759248499,0.962546816479401
0.589967073406934,0.962546816479401
0.589773387565369,0.962546816479401
0.589579701723804,0.962546816479401
0.589386015882239,0.962546816479401
0.589386015882239,0.962011771000535
0.589192330040674,0.962011771000535
0.588998644199109,0.962011771000535
0.588804958357544,0.962011771000535
0.588611272515979,0.962011771000535
0.588417586674414,0.962011771000535
0.588223900832849,0.962011771000535
0.588030214991284,0.962011771000535
0.587836529149719,0.962011771000535
0.587642843308154,0.962011771000535
0.587449157466589,0.962011771000535
0.587255471625024,0.962011771000535
0.587061785783459,0.962011771000535
0.586868099941894,0.962011771000535
0.586674414100329,0.962011771000535
0.586480728258764,0.962011771000535
0.586287042417199,0.962011771000535
0.586093356575634,0.962011771000535
0.585899670734069,0.962011771000535
0.585705984892504,0.962011771000535
0.585512299050939,0.962011771000535
0.585318613209374,0.962011771000535
0.585124927367809,0.962011771000535
0.584931241526244,0.962011771000535
0.584737555684679,0.962011771000535
0.584543869843114,0.962011771000535
0.584350184001549,0.962011771000535
0.584156498159984,0.962011771000535
0.58396281231842,0.962011771000535
0.583769126476855,0.962011771000535
0.58357544063529,0.962011771000535
0.583381754793725,0.962011771000535
0.58318806895216,0.962011771000535
0.582994383110595,0.962011771000535
0.58280069726903,0.962011771000535
0.582607011427465,0.962011771000535
0.5824133255859,0.962011771000535
0.582219639744335,0.962011771000535
0.58202595390277,0.962011771000535
0.581832268061205,0.962011771000535
0.58163858221964,0.962011771000535
0.581444896378075,0.962011771000535
0.58125121053651,0.962011771000535
0.581057524694945,0.962011771000535
0.58086383885338,0.962011771000535
0.580670153011815,0.962011771000535
0.58047646717025,0.962011771000535
0.580282781328685,0.962011771000535
0.58008909548712,0.962011771000535
0.579895409645555,0.962011771000535
0.57970172380399,0.962011771000535
0.579508037962425,0.962011771000535
0.57931435212086,0.962011771000535
0.579120666279295,0.962011771000535
0.57892698043773,0.962011771000535
0.578733294596165,0.962011771000535
0.5785396087546,0.962011771000535
0.578345922913035,0.962011771000535
0.578345922913035,0.961476725521669
0.57815223707147,0.961476725521669
0.577958551229905,0.961476725521669
0.57776486538834,0.961476725521669
0.577571179546775,0.961476725521669
0.57737749370521,0.961476725521669
0.577183807863645,0.961476725521669
0.57699012202208,0.961476725521669
0.576796436180515,0.961476725521669
0.576796436180515,0.960941680042804
0.57660275033895,0.960941680042804
0.576409064497385,0.960941680042804
0.57621537865582,0.960941680042804
0.576021692814255,0.960941680042804
0.57582800697269,0.960941680042804
0.575634321131125,0.960941680042804
0.57544063528956,0.960941680042804
0.575246949447995,0.960941680042804
0.57505326360643,0.960941680042804
0.574859577764865,0.960941680042804
0.5746658919233,0.960941680042804
0.574472206081735,0.960941680042804
0.57427852024017,0.960941680042804
0.574084834398605,0.960941680042804
0.57389114855704,0.960941680042804
0.573697462715476,0.960941680042804
0.573503776873911,0.960941680042804
0.573310091032346,0.960941680042804
0.573116405190781,0.960941680042804
0.572922719349216,0.960941680042804
0.572729033507651,0.960941680042804
0.572535347666086,0.960941680042804
0.572341661824521,0.960941680042804
0.572147975982956,0.960941680042804
0.571954290141391,0.960941680042804
0.571760604299826,0.960941680042804
0.571566918458261,0.960941680042804
0.571373232616696,0.960941680042804
0.571179546775131,0.960941680042804
0.570985860933566,0.960941680042804
0.570985860933566,0.960406634563938
0.570985860933566,0.959871589085072
0.570792175092001,0.959871589085072
0.570598489250436,0.959871589085072
0.570404803408871,0.959871589085072
0.570211117567306,0.959871589085072
0.570211117567306,0.959336543606207
0.570017431725741,0.959336543606207
0.569823745884176,0.959336543606207
0.569630060042611,0.959336543606207
0.569436374201046,0.959336543606207
0.569242688359481,0.959336543606207
0.569049002517916,0.959336543606207
0.568855316676351,0.959336543606207
0.568661630834786,0.959336543606207
0.568467944993221,0.959336543606207
0.568274259151656,0.959336543606207
0.568080573310091,0.959336543606207
0.567886887468526,0.959336543606207
0.567693201626961,0.959336543606207
0.567499515785396,0.959336543606207
0.567305829943831,0.959336543606207
0.567112144102266,0.959336543606207
0.567112144102266,0.958801498127341
0.566918458260701,0.958801498127341
0.566724772419136,0.958801498127341
0.566531086577571,0.958801498127341
0.566531086577571,0.958266452648475
0.566337400736006,0.958266452648475
0.566143714894441,0.958266452648475
0.565950029052876,0.958266452648475
0.565756343211311,0.958266452648475
0.565562657369746,0.958266452648475
0.565368971528181,0.958266452648475
0.565175285686616,0.958266452648475
0.564981599845051,0.958266452648475
0.564787914003486,0.958266452648475
0.564594228161921,0.958266452648475
0.564400542320356,0.958266452648475
0.564206856478791,0.958266452648475
0.564013170637226,0.958266452648475
0.564013170637226,0.957731407169609
0.563819484795661,0.957731407169609
0.563625798954096,0.957731407169609
0.563432113112531,0.957731407169609
0.563238427270967,0.957731407169609
0.563044741429402,0.957731407169609
0.562851055587837,0.957731407169609
0.562657369746272,0.957731407169609
0.562463683904707,0.957731407169609
0.562269998063142,0.957731407169609
0.562076312221577,0.957731407169609
0.561882626380012,0.957731407169609
0.561688940538447,0.957731407169609
0.561495254696882,0.957731407169609
0.561301568855317,0.957731407169609
0.561301568855317,0.957196361690744
0.561107883013752,0.957196361690744
0.560914197172187,0.957196361690744
0.560720511330622,0.957196361690744
0.560720511330622,0.956661316211878
0.560526825489057,0.956661316211878
0.560333139647492,0.956661316211878
0.560139453805927,0.956661316211878
0.559945767964362,0.956661316211878
0.559752082122797,0.956661316211878
0.559558396281232,0.956661316211878
0.559364710439667,0.956661316211878
0.559171024598102,0.956661316211878
0.558977338756537,0.956661316211878
0.558783652914972,0.956661316211878
0.558783652914972,0.956126270733012
0.558589967073407,0.956126270733012
0.558589967073407,0.955591225254147
0.558396281231842,0.955591225254147
0.558202595390277,0.955591225254147
0.558008909548712,0.955591225254147
0.557815223707147,0.955591225254147
0.557621537865582,0.955591225254147
0.557427852024017,0.955591225254147
0.557234166182452,0.955591225254147
0.557040480340887,0.955591225254147
0.557040480340887,0.955056179775281
0.556846794499322,0.955056179775281
0.556653108657757,0.955056179775281
0.556459422816192,0.955056179775281
0.556459422816192,0.954521134296415
0.556265736974627,0.954521134296415
0.556072051133062,0.954521134296415
0.555878365291497,0.954521134296415
0.555684679449932,0.954521134296415
0.555684679449932,0.95398608881755
0.555490993608367,0.95398608881755
0.555297307766802,0.95398608881755
0.555103621925237,0.95398608881755
0.554909936083672,0.95398608881755
0.554716250242107,0.95398608881755
0.554522564400542,0.95398608881755
0.554328878558977,0.95398608881755
0.554135192717412,0.95398608881755
0.553941506875847,0.95398608881755
0.553941506875847,0.953451043338684
0.553747821034282,0.953451043338684
0.553554135192717,0.953451043338684
0.553360449351152,0.953451043338684
0.553360449351152,0.952915997859818
0.553166763509587,0.952915997859818
0.552973077668022,0.952915997859818
0.552779391826457,0.952915997859818
0.552585705984892,0.952915997859818
0.552392020143327,0.952915997859818
0.552198334301762,0.952915997859818
0.552198334301762,0.952380952380952
0.552004648460197,0.952380952380952
0.551810962618633,0.952380952380952
0.551617276777068,0.952380952380952
0.551423590935503,0.952380952380952
0.551229905093938,0.952380952380952
0.551036219252373,0.952380952380952
0.550842533410808,0.952380952380952
0.550648847569243,0.952380952380952
0.550455161727678,0.952380952380952
0.550261475886113,0.952380952380952
0.550067790044548,0.952380952380952
0.549874104202983,0.952380952380952
0.549680418361418,0.952380952380952
0.549486732519853,0.952380952380952
0.549293046678288,0.952380952380952
0.549099360836723,0.952380952380952
0.548905674995158,0.952380952380952
0.548711989153593,0.952380952380952
0.548518303312028,0.952380952380952
0.548324617470463,0.952380952380952
0.548130931628898,0.952380952380952
0.547937245787333,0.952380952380952
0.547743559945768,0.952380952380952
0.547549874104203,0.952380952380952
0.547356188262638,0.952380952380952
0.547162502421073,0.952380952380952
0.546968816579508,0.952380952380952
0.546775130737943,0.952380952380952
0.546581444896378,0.952380952380952
0.546387759054813,0.952380952380952
0.546194073213248,0.952380952380952
0.546000387371683,0.952380952380952
0.546000387371683,0.951845906902087
0.546000387371683,0.951310861423221
0.545806701530118,0.951310861423221
0.545613015688553,0.951310861423221
0.545419329846988,0.951310861423221
0.545225644005423,0.951310861423221
0.545031958163858,0.951310861423221
0.544838272322293,0.951310861423221
0.544644586480728,0.951310861423221
0.544450900639163,0.951310861423221
0.544257214797598,0.951310861423221
0.544063528956033,0.951310861423221
0.543869843114468,0.951310861423221
0.543676157272903,0.951310861423221
0.543482471431338,0.951310861423221
0.543288785589773,0.951310861423221
0.543288785589773,0.950775815944355
0.543288785589773,0.95024077046549
0.543095099748208,0.95024077046549
0.542901413906643,0.95024077046549
0.542707728065078,0.95024077046549
0.542514042223514,0.95024077046549
0.542320356381949,0.95024077046549
0.542126670540384,0.95024077046549
0.541932984698819,0.95024077046549
0.541739298857254,0.95024077046549
0.541739298857254,0.949705724986624
0.541545613015689,0.949705724986624
0.541351927174124,0.949705724986624
0.541158241332559,0.949705724986624
0.540964555490994,0.949705724986624
0.540770869649429,0.949705724986624
0.540577183807864,0.949705724986624
0.540383497966299,0.949705724986624
0.540189812124734,0.949705724986624
0.539996126283169,0.949705724986624
0.539996126283169,0.949170679507758
0.539802440441604,0.949170679507758
0.539608754600039,0.949170679507758
0.539415068758474,0.949170679507758
0.539221382916909,0.949170679507758
0.539027697075344,0.949170679507758
0.538834011233779,0.949170679507758
0.538640325392214,0.949170679507758
0.538446639550649,0.949170679507758
0.538252953709084,0.949170679507758
0.538059267867519,0.949170679507758
0.537865582025954,0.949170679507758
0.537671896184389,0.949170679507758
0.537478210342824,0.949170679507758
0.537284524501259,0.949170679507758
0.537090838659694,0.949170679507758
0.536897152818129,0.949170679507758
0.536897152818129,0.948635634028893
0.536703466976564,0.948635634028893
0.536703466976564,0.948100588550027
0.536509781134999,0.948100588550027
0.536316095293434,0.948100588550027
0.536122409451869,0.948100588550027
0.535928723610304,0.948100588550027
0.535735037768739,0.948100588550027
0.535541351927174,0.948100588550027
0.535347666085609,0.948100588550027
0.535153980244044,0.948100588550027
0.534960294402479,0.948100588550027
0.534766608560914,0.948100588550027
0.534572922719349,0.948100588550027
0.534379236877784,0.948100588550027
0.534379236877784,0.947565543071161
0.534185551036219,0.947565543071161
0.533991865194654,0.947565543071161
0.533798179353089,0.947565543071161
0.533604493511524,0.947565543071161
0.533410807669959,0.947565543071161
0.533217121828394,0.947565543071161
0.533023435986829,0.947565543071161
0.532829750145264,0.947565543071161
0.532636064303699,0.947565543071161
0.532442378462134,0.947565543071161
0.532248692620569,0.947565543071161
0.532055006779004,0.947565543071161
0.531861320937439,0.947565543071161
0.531667635095874,0.947565543071161
0.531473949254309,0.947565543071161
0.531280263412744,0.947565543071161
0.531086577571179,0.947565543071161
0.530892891729615,0.947565543071161
0.53069920588805,0.947565543071161
0.530505520046485,0.947565543071161
0.53031183420492,0.947565543071161
0.53031183420492,0.947030497592295
0.530118148363355,0.947030497592295
0.52992446252179,0.947030497592295
0.529730776680225,0.947030497592295
0.52953709083866,0.947030497592295
0.529343404997095,0.947030497592295
0.52914971915553,0.947030497592295
0.528956033313965,0.947030497592295
0.5287623474724,0.947030497592295
0.528568661630835,0.947030497592295
0.52837497578927,0.947030497592295
0.528181289947705,0.947030497592295
0.52798760410614,0.947030497592295
0.527793918264575,0.947030497592295
0.52760023242301,0.947030497592295
0.527406546581445,0.947030497592295
0.52721286073988,0.947030497592295
0.527019174898315,0.947030497592295
0.52682548905675,0.947030497592295
0.526631803215185,0.947030497592295
0.52643811737362,0.947030497592295
0.52643811737362,0.94649545211343
0.526244431532055,0.94649545211343
0.52605074569049,0.94649545211343
0.525857059848925,0.94649545211343
0.52566337400736,0.94649545211343
0.525469688165795,0.94649545211343
0.52527600232423,0.94649545211343
0.525082316482665,0.94649545211343
0.5248886306411,0.94649545211343
0.524694944799535,0.94649545211343
0.52450125895797,0.94649545211343
0.524307573116405,0.94649545211343
0.52411388727484,0.94649545211343
0.52411388727484,0.945960406634564
0.523920201433275,0.945960406634564
0.52372651559171,0.945960406634564
0.523532829750145,0.945960406634564
0.52333914390858,0.945960406634564
0.523145458067015,0.945960406634564
0.52295177222545,0.945960406634564
0.522758086383885,0.945960406634564
0.52256440054232,0.945960406634564
0.52256440054232,0.945425361155698
0.52256440054232,0.944890315676833
0.522370714700755,0.944890315676833
0.52217702885919,0.944890315676833
0.521983343017625,0.944890315676833
0.52178965717606,0.944890315676833
0.521595971334495,0.944890315676833
0.52140228549293,0.944890315676833
0.521208599651366,0.944890315676833
0.521014913809801,0.944890315676833
0.521014913809801,0.944355270197967
0.520821227968236,0.944355270197967
0.520627542126671,0.944355270197967
0.520433856285106,0.944355270197967
0.520240170443541,0.944355270197967
0.520046484601976,0.944355270197967
0.519852798760411,0.944355270197967
0.519659112918846,0.944355270197967
0.519465427077281,0.944355270197967
0.519271741235716,0.944355270197967
0.519078055394151,0.944355270197967
0.518884369552586,0.944355270197967
0.518690683711021,0.944355270197967
0.518496997869456,0.944355270197967
0.518496997869456,0.943820224719101
0.518303312027891,0.943820224719101
0.518303312027891,0.943285179240235
0.518109626186326,0.943285179240235
0.517915940344761,0.943285179240235
0.517915940344761,0.94275013376137
0.517722254503196,0.94275013376137
0.517528568661631,0.94275013376137
0.517334882820066,0.94275013376137
0.517141196978501,0.94275013376137
0.516947511136936,0.94275013376137
0.516753825295371,0.94275013376137
0.516560139453806,0.94275013376137
0.516366453612241,0.94275013376137
0.516172767770676,0.94275013376137
0.515979081929111,0.94275013376137
0.515785396087546,0.94275013376137
0.515591710245981,0.94275013376137
0.515398024404416,0.94275013376137
0.515204338562851,0.94275013376137
0.515010652721286,0.94275013376137
0.514816966879721,0.94275013376137
0.514623281038156,0.94275013376137
0.514429595196591,0.94275013376137
0.514235909355026,0.94275013376137
0.514042223513461,0.94275013376137
0.513848537671896,0.94275013376137
0.513654851830331,0.94275013376137
0.513461165988766,0.94275013376137
0.513461165988766,0.942215088282504
0.513267480147201,0.942215088282504
0.513073794305636,0.942215088282504
0.512880108464071,0.942215088282504
0.512686422622506,0.942215088282504
0.512492736780941,0.942215088282504
0.512299050939376,0.942215088282504
0.512105365097811,0.942215088282504
0.511911679256246,0.942215088282504
0.511717993414681,0.942215088282504
0.511524307573116,0.942215088282504
0.511330621731551,0.942215088282504
0.511136935889986,0.942215088282504
0.510943250048421,0.942215088282504
0.510749564206856,0.942215088282504
0.510555878365291,0.942215088282504
0.510362192523726,0.942215088282504
0.510168506682162,0.942215088282504
0.509974820840597,0.942215088282504
0.509781134999032,0.942215088282504
0.509587449157467,0.942215088282504
0.509393763315902,0.942215088282504
0.509200077474337,0.942215088282504
0.509006391632772,0.942215088282504
0.508812705791207,0.942215088282504
0.508619019949642,0.942215088282504
0.508425334108077,0.942215088282504
0.508231648266512,0.942215088282504
0.508037962424947,0.942215088282504
0.507844276583382,0.942215088282504
0.507650590741817,0.942215088282504
0.507456904900252,0.942215088282504
0.507263219058687,0.942215088282504
0.507069533217122,0.942215088282504
0.506875847375557,0.942215088282504
0.506682161533992,0.942215088282504
0.506488475692427,0.942215088282504
0.506488475692427,0.941680042803638
0.506294789850862,0.941680042803638
0.506101104009297,0.941680042803638
0.505907418167732,0.941680042803638
0.505713732326167,0.941680042803638
0.505520046484602,0.941680042803638
0.505326360643037,0.941680042803638
0.505132674801472,0.941680042803638
0.504938988959907,0.941680042803638
0.504938988959907,0.941144997324773
0.504745303118342,0.941144997324773
0.504551617276777,0.941144997324773
0.504357931435212,0.941144997324773
0.504164245593647,0.941144997324773
0.503970559752082,0.941144997324773
0.503776873910517,0.941144997324773
0.503583188068952,0.941144997324773
0.503389502227387,0.941144997324773
0.503195816385822,0.941144997324773
0.503002130544257,0.941144997324773
0.502808444702692,0.941144997324773
0.502614758861127,0.941144997324773
0.502421073019562,0.941144997324773
0.502227387177997,0.941144997324773
0.502227387177997,0.940609951845907
0.502033701336432,0.940609951845907
0.501840015494867,0.940609951845907
0.501646329653302,0.940609951845907
0.501452643811737,0.940609951845907
0.501258957970172,0.940609951845907
0.501065272128607,0.940609951845907
0.500871586287042,0.940609951845907
0.500677900445477,0.940609951845907
0.500484214603912,0.940609951845907
0.500290528762347,0.940609951845907
0.500096842920782,0.940609951845907
0.499903157079218,0.940609951845907
0.499709471237653,0.940609951845907
0.499709471237653,0.940074906367041
0.499515785396088,0.940074906367041
0.499322099554523,0.940074906367041
0.499128413712958,0.940074906367041
0.498934727871393,0.940074906367041
0.498741042029828,0.940074906367041
0.498547356188263,0.940074906367041
0.498353670346698,0.940074906367041
0.498159984505133,0.940074906367041
0.497966298663568,0.940074906367041
0.497772612822003,0.940074906367041
0.497578926980438,0.940074906367041
0.497578926980438,0.939539860888176
0.497385241138873,0.939539860888176
0.497191555297308,0.939539860888176
0.497191555297308,0.93900481540931
0.496997869455743,0.93900481540931
0.496997869455743,0.938469769930444
0.496804183614178,0.938469769930444
0.496610497772613,0.938469769930444
0.496416811931048,0.938469769930444
0.496223126089483,0.938469769930444
0.496029440247918,0.938469769930444
0.495835754406353,0.938469769930444
0.495642068564788,0.938469769930444
0.495448382723223,0.938469769930444
0.495254696881658,0.938469769930444
0.495061011040093,0.938469769930444
0.494867325198528,0.938469769930444
0.494673639356963,0.938469769930444
0.494479953515398,0.938469769930444
0.494286267673833,0.938469769930444
0.494092581832268,0.938469769930444
0.493898895990703,0.938469769930444
0.493705210149138,0.938469769930444
0.493511524307573,0.938469769930444
0.493317838466008,0.938469769930444
0.493124152624443,0.938469769930444
0.493124152624443,0.937934724451578
0.492930466782878,0.937934724451578
0.492736780941313,0.937934724451578
0.492543095099748,0.937934724451578
0.492349409258183,0.937934724451578
0.492349409258183,0.937399678972713
0.492155723416618,0.937399678972713
0.491962037575053,0.937399678972713
0.491768351733488,0.937399678972713
0.491574665891923,0.937399678972713
0.491380980050358,0.937399678972713
0.491187294208793,0.937399678972713
0.491187294208793,0.936864633493847
0.490993608367228,0.936864633493847
0.490799922525663,0.936864633493847
0.490606236684098,0.936864633493847
0.490412550842533,0.936864633493847
0.490218865000968,0.936864633493847
0.490025179159403,0.936864633493847
0.490025179159403,0.936329588014981
0.489831493317838,0.936329588014981
0.489637807476274,0.936329588014981
0.489444121634709,0.936329588014981
0.489250435793144,0.936329588014981
0.489056749951579,0.936329588014981
0.488863064110014,0.936329588014981
0.488669378268449,0.936329588014981
0.488475692426884,0.936329588014981
0.488282006585319,0.936329588014981
0.488088320743754,0.936329588014981
0.487894634902189,0.936329588014981
0.487700949060624,0.936329588014981
0.487507263219059,0.936329588014981
0.487313577377494,0.936329588014981
0.487119891535929,0.936329588014981
0.486926205694364,0.936329588014981
0.486732519852799,0.936329588014981
0.486732519852799,0.935794542536116
0.486538834011234,0.935794542536116
0.486345148169669,0.935794542536116
0.486151462328104,0.935794542536116
0.485957776486539,0.935794542536116
0.485957776486539,0.93525949705725
0.485764090644974,0.93525949705725
0.485570404803409,0.93525949705725
0.485376718961844,0.93525949705725
0.485183033120279,0.93525949705725
0.484989347278714,0.93525949705725
0.484795661437149,0.93525949705725
0.484601975595584,0.93525949705725
0.484408289754019,0.93525949705725
0.484214603912454,0.93525949705725
0.484020918070889,0.93525949705725
0.483827232229324,0.93525949705725
0.483827232229324,0.934724451578384
0.483633546387759,0.934724451578384
0.483439860546194,0.934724451578384
0.483246174704629,0.934724451578384
0.483052488863064,0.934724451578384
0.482858803021499,0.934724451578384
0.482665117179934,0.934724451578384
0.482665117179934,0.934189406099519
0.482471431338369,0.934189406099519
0.482277745496804,0.934189406099519
0.482277745496804,0.933654360620653
0.482084059655239,0.933654360620653
0.482084059655239,0.933119315141787
0.482084059655239,0.932584269662921
0.481890373813674,0.932584269662921
0.481696687972109,0.932584269662921
0.481696687972109,0.932049224184056
0.481503002130544,0.932049224184056
0.481309316288979,0.932049224184056
0.481115630447414,0.932049224184056
0.480921944605849,0.932049224184056
0.480728258764284,0.932049224184056
0.480534572922719,0.932049224184056
0.480340887081154,0.932049224184056
0.480147201239589,0.932049224184056
0.479953515398024,0.932049224184056
0.479759829556459,0.932049224184056
0.479566143714894,0.932049224184056
0.479372457873329,0.932049224184056
0.479178772031765,0.932049224184056
0.4789850861902,0.932049224184056
0.478791400348635,0.932049224184056
0.47859771450707,0.932049224184056
0.478404028665505,0.932049224184056
0.47821034282394,0.932049224184056
0.478016656982375,0.932049224184056
0.47782297114081,0.932049224184056
0.477629285299245,0.932049224184056
0.47743559945768,0.932049224184056
0.477241913616115,0.932049224184056
0.47704822777455,0.932049224184056
0.47704822777455,0.93151417870519
0.476854541932985,0.93151417870519
0.47666085609142,0.93151417870519
0.476467170249855,0.93151417870519
0.47627348440829,0.93151417870519
0.476079798566725,0.93151417870519
0.476079798566725,0.930979133226324
0.47588611272516,0.930979133226324
0.475692426883595,0.930979133226324
0.475692426883595,0.930444087747459
0.47549874104203,0.930444087747459
0.475305055200465,0.930444087747459
0.4751113693589,0.930444087747459
0.474917683517335,0.930444087747459
0.47472399767577,0.930444087747459
0.474530311834205,0.930444087747459
0.47433662599264,0.930444087747459
0.47433662599264,0.929909042268593
0.474142940151075,0.929909042268593
0.47394925430951,0.929909042268593
0.473755568467945,0.929909042268593
0.47356188262638,0.929909042268593
0.47356188262638,0.929373996789727
0.473368196784815,0.929373996789727
0.473368196784815,0.928838951310861
0.47317451094325,0.928838951310861
0.472980825101685,0.928838951310861
0.47278713926012,0.928838951310861
0.472593453418555,0.928838951310861
0.47239976757699,0.928838951310861
0.472206081735425,0.928838951310861
0.47201239589386,0.928838951310861
0.471818710052295,0.928838951310861
0.47162502421073,0.928838951310861
0.471431338369165,0.928838951310861
0.4712376525276,0.928838951310861
0.471043966686035,0.928838951310861
0.47085028084447,0.928838951310861
0.470656595002905,0.928838951310861
0.470656595002905,0.928303905831996
0.47046290916134,0.928303905831996
0.470269223319775,0.928303905831996
0.47007553747821,0.928303905831996
0.469881851636645,0.928303905831996
0.46968816579508,0.928303905831996
0.46968816579508,0.92776886035313
0.469494479953515,0.92776886035313
0.46930079411195,0.92776886035313
0.46930079411195,0.927233814874264
0.469107108270385,0.927233814874264
0.468913422428821,0.927233814874264
0.468719736587256,0.927233814874264
0.468526050745691,0.927233814874264
0.468332364904126,0.927233814874264
0.468138679062561,0.927233814874264
0.467944993220996,0.927233814874264
0.467751307379431,0.927233814874264
0.467557621537866,0.927233814874264
0.467557621537866,0.926698769395399
0.467363935696301,0.926698769395399
0.467170249854736,0.926698769395399
0.466976564013171,0.926698769395399
0.466782878171606,0.926698769395399
0.466589192330041,0.926698769395399
0.466395506488476,0.926698769395399
0.466201820646911,0.926698769395399
0.466008134805346,0.926698769395399
0.466008134805346,0.926163723916533
0.465814448963781,0.926163723916533
0.465620763122216,0.926163723916533
0.465427077280651,0.926163723916533
0.465233391439086,0.926163723916533
0.465039705597521,0.926163723916533
0.464846019755956,0.926163723916533
0.464652333914391,0.926163723916533
0.464458648072826,0.926163723916533
0.464264962231261,0.926163723916533
0.464071276389696,0.926163723916533
0.463877590548131,0.926163723916533
0.463683904706566,0.926163723916533
0.463490218865001,0.926163723916533
0.463296533023436,0.926163723916533
0.463102847181871,0.926163723916533
0.462909161340306,0.926163723916533
0.462715475498741,0.926163723916533
0.462521789657176,0.926163723916533
0.462328103815611,0.926163723916533
0.462134417974046,0.926163723916533
0.461940732132481,0.926163723916533
0.461747046290916,0.926163723916533
0.461553360449351,0.926163723916533
0.461359674607786,0.926163723916533
0.461165988766221,0.926163723916533
0.460972302924656,0.926163723916533
0.460778617083091,0.926163723916533
0.460584931241526,0.926163723916533
0.460391245399961,0.926163723916533
0.460197559558396,0.926163723916533
0.460003873716831,0.926163723916533
0.459810187875266,0.926163723916533
0.459616502033701,0.926163723916533
0.459422816192136,0.926163723916533
0.459229130350571,0.926163723916533
0.459035444509006,0.926163723916533
0.458841758667441,0.926163723916533
0.458648072825876,0.926163723916533
0.458454386984311,0.926163723916533
0.458260701142746,0.926163723916533
0.458067015301181,0.926163723916533
0.458067015301181,0.925628678437667
0.457873329459616,0.925628678437667
0.457679643618051,0.925628678437667
0.457679643618051,0.925093632958802
0.457485957776486,0.925093632958802
0.457292271934922,0.925093632958802
0.457098586093357,0.925093632958802
0.456904900251792,0.925093632958802
0.456711214410227,0.925093632958802
0.456517528568662,0.925093632958802
0.456517528568662,0.924558587479936
0.456323842727097,0.924558587479936
0.456130156885532,0.924558587479936
0.455936471043967,0.924558587479936
0.455742785202402,0.924558587479936
0.455742785202402,0.92402354200107
0.455549099360837,0.92402354200107
0.455355413519272,0.92402354200107
0.455161727677707,0.92402354200107
0.454968041836142,0.92402354200107
0.454774355994577,0.92402354200107
0.454580670153012,0.92402354200107
0.454386984311447,0.92402354200107
0.454193298469882,0.92402354200107
0.453999612628317,0.92402354200107
0.453999612628317,0.923488496522204
0.453805926786752,0.923488496522204
0.453612240945187,0.923488496522204
0.453418555103622,0.923488496522204
0.453224869262057,0.923488496522204
0.453031183420492,0.923488496522204
0.452837497578927,0.923488496522204
0.452643811737362,0.923488496522204
0.452450125895797,0.923488496522204
0.452256440054232,0.923488496522204
0.452062754212667,0.923488496522204
0.451869068371102,0.923488496522204
0.451675382529537,0.923488496522204
0.451481696687972,0.923488496522204
0.451288010846407,0.923488496522204
0.451094325004842,0.923488496522204
0.450900639163277,0.923488496522204
0.450706953321712,0.923488496522204
0.450513267480147,0.923488496522204
0.450513267480147,0.922953451043339
0.450319581638582,0.922953451043339
0.450125895797017,0.922953451043339
0.449932209955452,0.922953451043339
0.449738524113887,0.922953451043339
0.449544838272322,0.922953451043339
0.449544838272322,0.922418405564473
0.449351152430757,0.922418405564473
0.449157466589192,0.922418405564473
0.448963780747627,0.922418405564473
0.448770094906062,0.922418405564473
0.448576409064497,0.922418405564473
0.448382723222932,0.922418405564473
0.448382723222932,0.921883360085607
0.448189037381367,0.921883360085607
0.447995351539802,0.921883360085607
0.447801665698237,0.921883360085607
0.447607979856672,0.921883360085607
0.447414294015107,0.921883360085607
0.447220608173542,0.921883360085607
0.447026922331977,0.921883360085607
0.446833236490413,0.921883360085607
0.446639550648848,0.921883360085607
0.446445864807283,0.921883360085607
0.446252178965718,0.921883360085607
0.446058493124153,0.921883360085607
0.446058493124153,0.921348314606742
0.446058493124153,0.920813269127876
0.446058493124153,0.92027822364901
0.445864807282588,0.92027822364901
0.445671121441023,0.92027822364901
0.445477435599458,0.92027822364901
0.445477435599458,0.919743178170145
0.445477435599458,0.919208132691279
0.445283749757893,0.919208132691279
0.445283749757893,0.918673087212413
0.445090063916328,0.918673087212413
0.444896378074763,0.918673087212413
0.444702692233198,0.918673087212413
0.444702692233198,0.918138041733547
0.444509006391633,0.918138041733547
0.444315320550068,0.918138041733547
0.444121634708503,0.918138041733547
0.443927948866938,0.918138041733547
0.443927948866938,0.917602996254682
0.443734263025373,0.917602996254682
0.443540577183808,0.917602996254682
0.443346891342243,0.917602996254682
0.443346891342243,0.917067950775816
0.443153205500678,0.917067950775816
0.442959519659113,0.917067950775816
0.442765833817548,0.917067950775816
0.442572147975983,0.917067950775816
0.442378462134418,0.917067950775816
0.442378462134418,0.91653290529695
0.442184776292853,0.91653290529695
0.442184776292853,0.915997859818085
0.441991090451288,0.915997859818085
0.441797404609723,0.915997859818085
0.441603718768158,0.915997859818085
0.441410032926593,0.915997859818085
0.441216347085028,0.915997859818085
0.441022661243463,0.915997859818085
0.440828975401898,0.915997859818085
0.440635289560333,0.915997859818085
0.440441603718768,0.915997859818085
0.440247917877203,0.915997859818085
0.440054232035638,0.915997859818085
0.439860546194073,0.915997859818085
0.439666860352508,0.915997859818085
0.439473174510943,0.915997859818085
0.439279488669378,0.915997859818085
0.439085802827813,0.915997859818085
0.438892116986248,0.915997859818085
0.438698431144683,0.915997859818085
0.438504745303118,0.915997859818085
0.438311059461553,0.915997859818085
0.438117373619988,0.915997859818085
0.438117373619988,0.915462814339219
0.437923687778423,0.915462814339219
0.437730001936858,0.915462814339219
0.437536316095293,0.915462814339219
0.437342630253728,0.915462814339219
0.437148944412163,0.915462814339219
0.436955258570598,0.915462814339219
0.436761572729033,0.915462814339219
0.436567886887469,0.915462814339219
0.436567886887469,0.914927768860353
0.436374201045904,0.914927768860353
0.436180515204339,0.914927768860353
0.435986829362774,0.914927768860353
0.435793143521209,0.914927768860353
0.435599457679644,0.914927768860353
0.435405771838079,0.914927768860353
0.435212085996514,0.914927768860353
0.435018400154949,0.914927768860353
0.434824714313384,0.914927768860353
0.434631028471819,0.914927768860353
0.434437342630254,0.914927768860353
0.434243656788689,0.914927768860353
0.434243656788689,0.914392723381487
0.434049970947124,0.914392723381487
0.433856285105559,0.914392723381487
0.433662599263994,0.914392723381487
0.433468913422429,0.914392723381487
0.433275227580864,0.914392723381487
0.433275227580864,0.913857677902622
0.433081541739299,0.913857677902622
0.432887855897734,0.913857677902622
0.432694170056169,0.913857677902622
0.432500484214604,0.913857677902622
0.432306798373039,0.913857677902622
0.432113112531474,0.913857677902622
0.431919426689909,0.913857677902622
0.431725740848344,0.913857677902622
0.431725740848344,0.913322632423756
0.431532055006779,0.913322632423756
0.431338369165214,0.913322632423756
0.431144683323649,0.913322632423756
0.430950997482084,0.913322632423756
0.430757311640519,0.913322632423756
0.430563625798954,0.913322632423756
0.430369939957389,0.913322632423756
0.430176254115824,0.913322632423756
0.429982568274259,0.913322632423756
0.429982568274259,0.91278758694489
0.429982568274259,0.912252541466025
0.429788882432694,0.912252541466025
0.429595196591129,0.912252541466025
0.429401510749564,0.912252541466025
0.429207824907999,0.912252541466025
0.429014139066434,0.912252541466025
0.428820453224869,0.912252541466025
0.428626767383304,0.912252541466025
0.428433081541739,0.912252541466025
0.428239395700174,0.912252541466025
0.428045709858609,0.912252541466025
0.427852024017044,0.912252541466025
0.427658338175479,0.912252541466025
0.427464652333914,0.912252541466025
0.427270966492349,0.912252541466025
0.427077280650784,0.912252541466025
0.427077280650784,0.911717495987159
0.426883594809219,0.911717495987159
0.426689908967654,0.911717495987159
0.426496223126089,0.911717495987159
0.426302537284524,0.911717495987159
0.42610885144296,0.911717495987159
0.425915165601395,0.911717495987159
0.425915165601395,0.911182450508293
0.42572147975983,0.911182450508293
0.425527793918265,0.911182450508293
0.425527793918265,0.910647405029428
0.425527793918265,0.910112359550562
0.4253341080767,0.910112359550562
0.425140422235135,0.910112359550562
0.425140422235135,0.909577314071696
0.42494673639357,0.909577314071696
0.424753050552005,0.909577314071696
0.42455936471044,0.909577314071696
0.424365678868875,0.909577314071696
0.42417199302731,0.909577314071696
0.423978307185745,0.909577314071696
0.42378462134418,0.909577314071696
0.423590935502615,0.909577314071696
0.42339724966105,0.909577314071696
0.423203563819485,0.909577314071696
0.42300987797792,0.909577314071696
0.422816192136355,0.909577314071696
0.42262250629479,0.909577314071696
0.422428820453225,0.909577314071696
0.42223513461166,0.909577314071696
0.422041448770095,0.909577314071696
0.422041448770095,0.90904226859283
0.42184776292853,0.90904226859283
0.421654077086965,0.90904226859283
0.421654077086965,0.908507223113965
0.4214603912454,0.908507223113965
0.421266705403835,0.908507223113965
0.42107301956227,0.908507223113965
0.420879333720705,0.908507223113965
0.42068564787914,0.908507223113965
0.420491962037575,0.908507223113965
0.42029827619601,0.908507223113965
0.42029827619601,0.907972177635099
0.420104590354445,0.907972177635099
0.41991090451288,0.907972177635099
0.41991090451288,0.907437132156233
0.419717218671315,0.907437132156233
0.41952353282975,0.907437132156233
0.419329846988185,0.907437132156233
0.41913616114662,0.907437132156233
0.41913616114662,0.906902086677368
0.418942475305055,0.906902086677368
0.41874878946349,0.906902086677368
0.418555103621925,0.906902086677368
0.418555103621925,0.906367041198502
0.41836141778036,0.906367041198502
0.418167731938795,0.906367041198502
0.41797404609723,0.906367041198502
0.417780360255665,0.906367041198502
0.4175866744141,0.906367041198502
0.417392988572535,0.906367041198502
0.41719930273097,0.906367041198502
0.417005616889405,0.906367041198502
0.41681193104784,0.906367041198502
0.416618245206275,0.906367041198502
0.41642455936471,0.906367041198502
0.416230873523145,0.906367041198502
0.41603718768158,0.906367041198502
0.41603718768158,0.905831995719636
0.415843501840016,0.905831995719636
0.415649815998451,0.905831995719636
0.415456130156886,0.905831995719636
0.415262444315321,0.905831995719636
0.415068758473756,0.905831995719636
0.414875072632191,0.905831995719636
0.414681386790626,0.905831995719636
0.414487700949061,0.905831995719636
0.414294015107496,0.905831995719636
0.414100329265931,0.905831995719636
0.413906643424366,0.905831995719636
0.413712957582801,0.905831995719636
0.413712957582801,0.905296950240771
0.413519271741236,0.905296950240771
0.413519271741236,0.904761904761905
0.413325585899671,0.904761904761905
0.413131900058106,0.904761904761905
0.412938214216541,0.904761904761905
0.412744528374976,0.904761904761905
0.412744528374976,0.904226859283039
0.412550842533411,0.904226859283039
0.412357156691846,0.904226859283039
0.412163470850281,0.904226859283039
0.412163470850281,0.903691813804173
0.411969785008716,0.903691813804173
0.411776099167151,0.903691813804173
0.411582413325586,0.903691813804173
0.411582413325586,0.903156768325308
0.411582413325586,0.902621722846442
0.411388727484021,0.902621722846442
0.411195041642456,0.902621722846442
0.411001355800891,0.902621722846442
0.410807669959326,0.902621722846442
0.410613984117761,0.902621722846442
0.410420298276196,0.902621722846442
0.410226612434631,0.902621722846442
0.410032926593066,0.902621722846442
0.409839240751501,0.902621722846442
0.409645554909936,0.902621722846442
0.409451869068371,0.902621722846442
0.409258183226806,0.902621722846442
0.409064497385241,0.902621722846442
0.408870811543676,0.902621722846442
0.408677125702111,0.902621722846442
0.408483439860546,0.902621722846442
0.408289754018981,0.902621722846442
0.408096068177416,0.902621722846442
0.407902382335851,0.902621722846442
0.407708696494286,0.902621722846442
0.407515010652721,0.902621722846442
0.407321324811156,0.902621722846442
0.407127638969591,0.902621722846442
0.406933953128026,0.902621722846442
0.406740267286461,0.902621722846442
0.406546581444896,0.902621722846442
0.406352895603331,0.902621722846442
0.406159209761766,0.902621722846442
0.405965523920201,0.902621722846442
0.405771838078636,0.902621722846442
0.405578152237071,0.902621722846442
0.405384466395507,0.902621722846442
0.405190780553942,0.902621722846442
0.404997094712377,0.902621722846442
0.404803408870812,0.902621722846442
0.404609723029247,0.902621722846442
0.404416037187682,0.902621722846442
0.404222351346117,0.902621722846442
0.404028665504552,0.902621722846442
0.403834979662987,0.902621722846442
0.403641293821422,0.902621722846442
0.403447607979857,0.902621722846442
0.403253922138292,0.902621722846442
0.403060236296727,0.902621722846442
0.403060236296727,0.902086677367576
0.402866550455162,0.902086677367576
0.402672864613597,0.902086677367576
0.402479178772032,0.902086677367576
0.402479178772032,0.901551631888711
0.402285492930467,0.901551631888711
0.402091807088902,0.901551631888711
0.401898121247337,0.901551631888711
0.401898121247337,0.901016586409845
0.401704435405772,0.901016586409845
0.401510749564207,0.901016586409845
0.401510749564207,0.900481540930979
0.401317063722642,0.900481540930979
0.401123377881077,0.900481540930979
0.400929692039512,0.900481540930979
0.400736006197947,0.900481540930979
0.400736006197947,0.899946495452113
0.400736006197947,0.899411449973248
0.400542320356382,0.899411449973248
0.400348634514817,0.899411449973248
0.400154948673252,0.899411449973248
0.399961262831687,0.899411449973248
0.399767576990122,0.899411449973248
0.399767576990122,0.898876404494382
0.399767576990122,0.898341359015516
0.399573891148557,0.898341359015516
0.399380205306992,0.898341359015516
0.399186519465427,0.898341359015516
0.398992833623862,0.898341359015516
0.398992833623862,0.897806313536651
0.398799147782297,0.897806313536651
0.398799147782297,0.897271268057785
0.398605461940732,0.897271268057785
0.398411776099167,0.897271268057785
0.398411776099167,0.896736222578919
0.398218090257602,0.896736222578919
0.398218090257602,0.896201177100054
0.398218090257602,0.895666131621188
0.398024404416037,0.895666131621188
0.397830718574472,0.895666131621188
0.397637032732907,0.895666131621188
0.397443346891342,0.895666131621188
0.397249661049777,0.895666131621188
0.397055975208212,0.895666131621188
0.396862289366647,0.895666131621188
0.396668603525082,0.895666131621188
0.396474917683517,0.895666131621188
0.396474917683517,0.895131086142322
0.396281231841952,0.895131086142322
0.396087546000387,0.895131086142322
0.395893860158822,0.895131086142322
0.395893860158822,0.894596040663456
0.395700174317257,0.894596040663456
0.395506488475692,0.894596040663456
0.395312802634127,0.894596040663456
0.395119116792563,0.894596040663456
0.394925430950998,0.894596040663456
0.394925430950998,0.894060995184591
0.394731745109433,0.894060995184591
0.394731745109433,0.893525949705725
0.394538059267868,0.893525949705725
0.394344373426303,0.893525949705725
0.394344373426303,0.892990904226859
0.394150687584738,0.892990904226859
0.393957001743173,0.892990904226859
0.393763315901608,0.892990904226859
0.393569630060043,0.892990904226859
0.393375944218478,0.892990904226859
0.393375944218478,0.892455858747994
0.393375944218478,0.891920813269128
0.393182258376913,0.891920813269128
0.392988572535348,0.891920813269128
0.392794886693783,0.891920813269128
0.392601200852218,0.891920813269128
0.392601200852218,0.891385767790262
0.392407515010653,0.891385767790262
0.392213829169088,0.891385767790262
0.392020143327523,0.891385767790262
0.391826457485958,0.891385767790262
0.391632771644393,0.891385767790262
0.391439085802828,0.891385767790262
0.391245399961263,0.891385767790262
0.391051714119698,0.891385767790262
0.390858028278133,0.891385767790262
0.390664342436568,0.891385767790262
0.390664342436568,0.890850722311397
0.390470656595003,0.890850722311397
0.390276970753438,0.890850722311397
0.390276970753438,0.890315676832531
0.390083284911873,0.890315676832531
0.389889599070308,0.890315676832531
0.389695913228743,0.890315676832531
0.389502227387178,0.890315676832531
0.389308541545613,0.890315676832531
0.389114855704048,0.890315676832531
0.388921169862483,0.890315676832531
0.388727484020918,0.890315676832531
0.388533798179353,0.890315676832531
0.388340112337788,0.890315676832531
0.388146426496223,0.890315676832531
0.388146426496223,0.889780631353665
0.387952740654658,0.889780631353665
0.387952740654658,0.889245585874799
0.387759054813093,0.889245585874799
0.387565368971528,0.889245585874799
0.387371683129963,0.889245585874799
0.387177997288398,0.889245585874799
0.386984311446833,0.889245585874799
0.386790625605268,0.889245585874799
0.386596939763703,0.889245585874799
0.386403253922138,0.889245585874799
0.386209568080573,0.889245585874799
0.386015882239008,0.889245585874799
0.385822196397443,0.889245585874799
0.385822196397443,0.888710540395934
0.385628510555878,0.888710540395934
0.385434824714313,0.888710540395934
0.385241138872748,0.888710540395934
0.385047453031183,0.888710540395934
0.384853767189618,0.888710540395934
0.384660081348053,0.888710540395934
0.384466395506488,0.888710540395934
0.384272709664923,0.888710540395934
0.384079023823359,0.888710540395934
0.383885337981794,0.888710540395934
0.383885337981794,0.888175494917068
0.383691652140229,0.888175494917068
0.383497966298664,0.888175494917068
0.383497966298664,0.887640449438202
0.383304280457099,0.887640449438202
0.383110594615534,0.887640449438202
0.382916908773969,0.887640449438202
0.382723222932404,0.887640449438202
0.382723222932404,0.887105403959337
0.382529537090839,0.887105403959337
0.382335851249274,0.887105403959337
0.382142165407709,0.887105403959337
0.382142165407709,0.886570358480471
0.382142165407709,0.886035313001605
0.381948479566144,0.886035313001605
0.381754793724579,0.886035313001605
0.381561107883014,0.886035313001605
0.381367422041449,0.886035313001605
0.381173736199884,0.886035313001605
0.380980050358319,0.886035313001605
0.380786364516754,0.886035313001605
0.380592678675189,0.886035313001605
0.380592678675189,0.885500267522739
0.380398992833624,0.885500267522739
0.380205306992059,0.885500267522739
0.380011621150494,0.885500267522739
0.380011621150494,0.884965222043874
0.379817935308929,0.884965222043874
0.379624249467364,0.884965222043874
0.379624249467364,0.884430176565008
0.379430563625799,0.884430176565008
0.379236877784234,0.884430176565008
0.379043191942669,0.884430176565008
0.378849506101104,0.884430176565008
0.378655820259539,0.884430176565008
0.378462134417974,0.884430176565008
0.378268448576409,0.884430176565008
0.378074762734844,0.884430176565008
0.378074762734844,0.883895131086142
0.378074762734844,0.883360085607277
0.377881076893279,0.883360085607277
0.377687391051714,0.883360085607277
0.377493705210149,0.883360085607277
0.377300019368584,0.883360085607277
0.377106333527019,0.883360085607277
0.376912647685454,0.883360085607277
0.376718961843889,0.883360085607277
0.376525276002324,0.883360085607277
0.376525276002324,0.882825040128411
0.376331590160759,0.882825040128411
0.376137904319194,0.882825040128411
0.375944218477629,0.882825040128411
0.375750532636064,0.882825040128411
0.375556846794499,0.882825040128411
0.375363160952934,0.882825040128411
0.375169475111369,0.882825040128411
0.374975789269804,0.882825040128411
0.374782103428239,0.882825040128411
0.374588417586674,0.882825040128411
0.374394731745109,0.882825040128411
0.374201045903544,0.882825040128411
0.374007360061979,0.882825040128411
0.373813674220414,0.882825040128411
0.373813674220414,0.882289994649545
0.373619988378849,0.882289994649545
0.373426302537284,0.882289994649545
0.373232616695719,0.882289994649545
0.373232616695719,0.88175494917068
0.373038930854155,0.88175494917068
0.373038930854155,0.881219903691814
0.37284524501259,0.881219903691814
0.372651559171025,0.881219903691814
0.37245787332946,0.881219903691814
0.372264187487895,0.881219903691814
0.37207050164633,0.881219903691814
0.371876815804765,0.881219903691814
0.3716831299632,0.881219903691814
0.3716831299632,0.880684858212948
0.371489444121635,0.880684858212948
0.37129575828007,0.880149812734082
0.37129575828007,0.879614767255217
0.371102072438505,0.878544676297485
0.371102072438505,0.87800963081862
0.37090838659694,0.87800963081862
0.370714700755375,0.87800963081862
0.370327329072245,0.87800963081862
0.37013364323068,0.87800963081862
0.369939957389115,0.87800963081862
0.36974627154755,0.87800963081862
0.369552585705985,0.87800963081862
0.369552585705985,0.877474585339754
0.36935889986442,0.877474585339754
0.369165214022855,0.876939539860888
0.36897152818129,0.876939539860888
0.368777842339725,0.876404494382023
0.36858415649816,0.876404494382023
0.368390470656595,0.874799357945425
0.367615727290335,0.874799357945425
0.36742204144877,0.874799357945425
0.36703466976564,0.87426431246656
0.366453612240945,0.87426431246656
0.36625992639938,0.87426431246656
0.36548518303312,0.873729266987694
0.365291497191555,0.873729266987694
0.364516753825295,0.872659176029963
0.363742010459035,0.869448903156768
0.36354832461747,0.869448903156768
0.363354638775905,0.869448903156768
0.362967267092775,0.867308721241306
0.362773581251211,0.867308721241306
0.362773581251211,0.865703584804708
0.362579895409646,0.865703584804708
0.361417780360256,0.865168539325843
0.361224094518691,0.865168539325843
0.361030408677126,0.864633493846977
0.360643036993996,0.864098448368111
0.359868293627736,0.862493311931514
0.359868293627736,0.861958266452649
0.359480921944606,0.861958266452649
0.359287236103041,0.861958266452649
0.359093550261476,0.861423220973783
0.358899864419911,0.861423220973783
0.357931435212086,0.860353130016051
0.357737749370521,0.860353130016051
0.357544063528956,0.860353130016051
0.357350377687391,0.859818084537186
0.357156691845826,0.859818084537186
0.356188262638001,0.858747993579454
0.355994576796436,0.858747993579454
0.355994576796436,0.857677902621723
0.355800890954871,0.857677902621723
0.354638775905481,0.857142857142857
0.354638775905481,0.856607811663991
0.354638775905481,0.856072766185126
0.354638775905481,0.85553772070626
0.354057718380786,0.855002675227394
0.353864032539221,0.853932584269663
0.353670346697656,0.853932584269663
0.353476660856091,0.853932584269663
0.353282975014526,0.853932584269663
0.352701917489831,0.853397538790797
0.352508231648267,0.853397538790797
0.352314545806702,0.853397538790797
0.351927174123572,0.852862493311932
0.351733488282007,0.852862493311932
0.351539802440442,0.852862493311932
0.351346116598877,0.852327447833066
0.350765059074182,0.852327447833066
0.350571373232617,0.852327447833066
0.350571373232617,0.8517924023542
0.350377687391052,0.8517924023542
0.349990315707922,0.851257356875334
0.349796629866357,0.851257356875334
0.349796629866357,0.850722311396469
0.349602944024792,0.850722311396469
0.349409258183227,0.850722311396469
0.349215572341662,0.850722311396469
0.349021886500097,0.850722311396469
0.348828200658532,0.850722311396469
0.348828200658532,0.850187265917603
0.348634514816967,0.850187265917603
0.348440828975402,0.850187265917603
0.348440828975402,0.849652220438737
0.348247143133837,0.849652220438737
0.348053457292272,0.849652220438737
0.348053457292272,0.849117174959872
0.347859771450707,0.849117174959872
0.347666085609142,0.849117174959872
0.347472399767577,0.849117174959872
0.347278713926012,0.849117174959872
0.347085028084447,0.849117174959872
0.346891342242882,0.849117174959872
0.346697656401317,0.849117174959872
0.346503970559752,0.849117174959872
0.346310284718187,0.849117174959872
0.346116598876622,0.849117174959872
0.345922913035057,0.849117174959872
0.345729227193492,0.849117174959872
0.345535541351927,0.849117174959872
0.345341855510362,0.849117174959872
0.345341855510362,0.848582129481006
0.345148169668797,0.848582129481006
0.344954483827232,0.848582129481006
0.344760797985667,0.848582129481006
0.344567112144102,0.848582129481006
0.344373426302537,0.848582129481006
0.344179740460972,0.848582129481006
0.343986054619407,0.848582129481006
0.343792368777842,0.848582129481006
0.343598682936277,0.848582129481006
0.343404997094712,0.848582129481006
0.343404997094712,0.84804708400214
0.343211311253147,0.84804708400214
0.343017625411582,0.84804708400214
0.342823939570017,0.84804708400214
0.342630253728452,0.84804708400214
0.342436567886887,0.84804708400214
0.342436567886887,0.847512038523275
0.342242882045322,0.847512038523275
0.342049196203758,0.847512038523275
0.341855510362193,0.847512038523275
0.341661824520628,0.847512038523275
0.341661824520628,0.846976993044409
0.341468138679063,0.846976993044409
0.341468138679063,0.846441947565543
0.341468138679063,0.845906902086677
0.341274452837498,0.845906902086677
0.341080766995933,0.845906902086677
0.341080766995933,0.845371856607812
0.340887081154368,0.845371856607812
0.340693395312803,0.845371856607812
0.340499709471238,0.845371856607812
0.340306023629673,0.845371856607812
0.340306023629673,0.844836811128946
0.340112337788108,0.844836811128946
0.339918651946543,0.844836811128946
0.339918651946543,0.84430176565008
0.339724966104978,0.84430176565008
0.339531280263413,0.84430176565008
0.339337594421848,0.84430176565008
0.339337594421848,0.843766720171215
0.339143908580283,0.843766720171215
0.338950222738718,0.843766720171215
0.338756536897153,0.843766720171215
0.338562851055588,0.843766720171215
0.338562851055588,0.843231674692349
0.338369165214023,0.843231674692349
0.338175479372458,0.843231674692349
0.338175479372458,0.842696629213483
0.338175479372458,0.842161583734617
0.337981793530893,0.842161583734617
0.337788107689328,0.842161583734617
0.337594421847763,0.842161583734617
0.337400736006198,0.842161583734617
0.337400736006198,0.841626538255752
0.337400736006198,0.841091492776886
0.337207050164633,0.841091492776886
0.337013364323068,0.841091492776886
0.336819678481503,0.841091492776886
0.336625992639938,0.841091492776886
0.336432306798373,0.841091492776886
0.336238620956808,0.841091492776886
0.336044935115243,0.841091492776886
0.335851249273678,0.841091492776886
0.335657563432113,0.841091492776886
0.335463877590548,0.841091492776886
0.335270191748983,0.841091492776886
0.335076505907418,0.841091492776886
0.334882820065853,0.841091492776886
0.334882820065853,0.84055644729802
0.334689134224288,0.84055644729802
0.334495448382723,0.84055644729802
0.334301762541158,0.84055644729802
0.334108076699593,0.84055644729802
0.334108076699593,0.840021401819155
0.333914390858028,0.840021401819155
0.333720705016463,0.840021401819155
0.333527019174898,0.840021401819155
0.333333333333333,0.840021401819155
0.333139647491768,0.840021401819155
0.332945961650203,0.840021401819155
0.332752275808638,0.840021401819155
0.332558589967073,0.840021401819155
0.332364904125508,0.840021401819155
0.332364904125508,0.839486356340289
0.332171218283943,0.839486356340289
0.332171218283943,0.838951310861423
0.331977532442378,0.838951310861423
0.331783846600814,0.838951310861423
0.331590160759249,0.838951310861423
0.331396474917684,0.838951310861423
0.331202789076119,0.838951310861423
0.331009103234554,0.838951310861423
0.330815417392989,0.838951310861423
0.330815417392989,0.838416265382558
0.330621731551424,0.838416265382558
0.330428045709859,0.838416265382558
0.330234359868294,0.838416265382558
0.330040674026729,0.838416265382558
0.329846988185164,0.838416265382558
0.329653302343599,0.838416265382558
0.329459616502034,0.838416265382558
0.329459616502034,0.837881219903692
0.329265930660469,0.837881219903692
0.329072244818904,0.837881219903692
0.328878558977339,0.837881219903692
0.328684873135774,0.837881219903692
0.328684873135774,0.837346174424826
0.328684873135774,0.83681112894596
0.328491187294209,0.83681112894596
0.328297501452644,0.83681112894596
0.328103815611079,0.83681112894596
0.327910129769514,0.83681112894596
0.327716443927949,0.83681112894596
0.327522758086384,0.83681112894596
0.327329072244819,0.83681112894596
0.327135386403254,0.83681112894596
0.326941700561689,0.83681112894596
0.326748014720124,0.83681112894596
0.326554328878559,0.83681112894596
0.326360643036994,0.83681112894596
0.326360643036994,0.836276083467095
0.326166957195429,0.836276083467095
0.325973271353864,0.836276083467095
0.325779585512299,0.836276083467095
0.325585899670734,0.836276083467095
0.325392213829169,0.836276083467095
0.325198527987604,0.836276083467095
0.325004842146039,0.836276083467095
0.325004842146039,0.835741037988229
0.324811156304474,0.835741037988229
0.324617470462909,0.835741037988229
0.324423784621344,0.835741037988229
0.324423784621344,0.835205992509363
0.324230098779779,0.835205992509363
0.324036412938214,0.835205992509363
0.323842727096649,0.835205992509363
0.323649041255084,0.835205992509363
0.323455355413519,0.835205992509363
0.323261669571954,0.835205992509363
0.323261669571954,0.834670947030498
0.323261669571954,0.834135901551632
0.323067983730389,0.834135901551632
0.322874297888824,0.834135901551632
0.322680612047259,0.834135901551632
0.322680612047259,0.833600856072766
0.322486926205694,0.833600856072766
0.322486926205694,0.833065810593901
0.322293240364129,0.833065810593901
0.322099554522564,0.833065810593901
0.321905868680999,0.833065810593901
0.321712182839434,0.833065810593901
0.321712182839434,0.832530765115035
0.321518496997869,0.832530765115035
0.321324811156305,0.832530765115035
0.32113112531474,0.832530765115035
0.320937439473175,0.832530765115035
0.32074375363161,0.832530765115035
0.32074375363161,0.831995719636169
0.320550067790045,0.831995719636169
0.32035638194848,0.831995719636169
0.320162696106915,0.831995719636169
0.31996901026535,0.831995719636169
0.319775324423785,0.831995719636169
0.31958163858222,0.831995719636169
0.319387952740655,0.831995719636169
0.31919426689909,0.831995719636169
0.319000581057525,0.831995719636169
0.31880689521596,0.831995719636169
0.318613209374395,0.831995719636169
0.31841952353283,0.831995719636169
0.318225837691265,0.831995719636169
0.318225837691265,0.831460674157303
0.3180321518497,0.831460674157303
0.317838466008135,0.831460674157303
0.31764478016657,0.831460674157303
0.317451094325005,0.831460674157303
0.31725740848344,0.831460674157303
0.317063722641875,0.831460674157303
0.31687003680031,0.831460674157303
0.316676350958745,0.831460674157303
0.31648266511718,0.831460674157303
0.316288979275615,0.831460674157303
0.31609529343405,0.831460674157303
0.31609529343405,0.830925628678438
0.315901607592485,0.830925628678438
0.315901607592485,0.830390583199572
0.31570792175092,0.830390583199572
0.315514235909355,0.830390583199572
0.31532055006779,0.830390583199572
0.315126864226225,0.830390583199572
0.31493317838466,0.830390583199572
0.314739492543095,0.830390583199572
0.31454580670153,0.830390583199572
0.314352120859965,0.830390583199572
0.3141584350184,0.830390583199572
0.313964749176835,0.830390583199572
0.31377106333527,0.830390583199572
0.313577377493705,0.830390583199572
0.313577377493705,0.829855537720706
0.31338369165214,0.829855537720706
0.313190005810575,0.829855537720706
0.31299631996901,0.829855537720706
0.312802634127445,0.829855537720706
0.31260894828588,0.829855537720706
0.312415262444315,0.829855537720706
0.31222157660275,0.829855537720706
0.31222157660275,0.829320492241841
0.312027890761185,0.829320492241841
0.31183420491962,0.829320492241841
0.311640519078055,0.829320492241841
0.311640519078055,0.828785446762975
0.311640519078055,0.828250401284109
0.31144683323649,0.828250401284109
0.311253147394925,0.828250401284109
0.31105946155336,0.828250401284109
0.310865775711796,0.828250401284109
0.310672089870231,0.828250401284109
0.310478404028666,0.828250401284109
0.310284718187101,0.828250401284109
0.310091032345536,0.828250401284109
0.309897346503971,0.828250401284109
0.309703660662406,0.828250401284109
0.309509974820841,0.828250401284109
0.309316288979276,0.828250401284109
0.309122603137711,0.828250401284109
0.308928917296146,0.828250401284109
0.308735231454581,0.828250401284109
0.308735231454581,0.827715355805243
0.308541545613016,0.827715355805243
0.308347859771451,0.827715355805243
0.308154173929886,0.827715355805243
0.307960488088321,0.827715355805243
0.307960488088321,0.827180310326378
0.307766802246756,0.827180310326378
0.307573116405191,0.827180310326378
0.307379430563626,0.827180310326378
0.307379430563626,0.826645264847512
0.307185744722061,0.826645264847512
0.307185744722061,0.826110219368646
0.306992058880496,0.826110219368646
0.306798373038931,0.826110219368646
0.306604687197366,0.826110219368646
0.306604687197366,0.825575173889781
0.306411001355801,0.825575173889781
0.306217315514236,0.825575173889781
0.306023629672671,0.825575173889781
0.305829943831106,0.825575173889781
0.305636257989541,0.825575173889781
0.305636257989541,0.825040128410915
0.305636257989541,0.824505082932049
0.305442572147976,0.824505082932049
0.305248886306411,0.824505082932049
0.305248886306411,0.823970037453184
0.305248886306411,0.823434991974318
0.305055200464846,0.823434991974318
0.304861514623281,0.823434991974318
0.304667828781716,0.823434991974318
0.304474142940151,0.823434991974318
0.304280457098586,0.823434991974318
0.304086771257021,0.823434991974318
0.303893085415456,0.823434991974318
0.303699399573891,0.823434991974318
0.303699399573891,0.822899946495452
0.303505713732326,0.822899946495452
0.303312027890761,0.822899946495452
0.303312027890761,0.822364901016586
0.303118342049196,0.822364901016586
0.303118342049196,0.821829855537721
0.302924656207631,0.821829855537721
0.302924656207631,0.821294810058855
0.302730970366066,0.821294810058855
0.302730970366066,0.820759764579989
0.302537284524501,0.820759764579989
0.302343598682936,0.820759764579989
0.302343598682936,0.820224719101124
0.302149912841371,0.820224719101124
0.301956226999806,0.820224719101124
0.301956226999806,0.819689673622258
0.301762541158241,0.819689673622258
0.301568855316676,0.819689673622258
0.301568855316676,0.819154628143392
0.301568855316676,0.818619582664527
0.301375169475111,0.818619582664527
0.301181483633546,0.818619582664527
0.301181483633546,0.818084537185661
0.301181483633546,0.817549491706795
0.300987797791981,0.817549491706795
0.300987797791981,0.817014446227929
0.300794111950416,0.817014446227929
0.300794111950416,0.816479400749064
0.300600426108851,0.816479400749064
0.300600426108851,0.815944355270198
0.300406740267286,0.815944355270198
0.300213054425721,0.815944355270198
0.300019368584156,0.815944355270198
0.299825682742591,0.815944355270198
0.299631996901026,0.815944355270198
0.299438311059462,0.815944355270198
0.299438311059462,0.815409309791332
0.299244625217897,0.815409309791332
0.299244625217897,0.814874264312467
0.299050939376332,0.814874264312467
0.299050939376332,0.814339218833601
0.298857253534767,0.814339218833601
0.298663567693202,0.814339218833601
0.298469881851637,0.814339218833601
0.298276196010072,0.814339218833601
0.298082510168507,0.814339218833601
0.297888824326942,0.814339218833601
0.297888824326942,0.813804173354735
0.297695138485377,0.813804173354735
0.297501452643812,0.813804173354735
0.297307766802247,0.813804173354735
0.297114080960682,0.813804173354735
0.296920395119117,0.813804173354735
0.296726709277552,0.813804173354735
0.296533023435987,0.813804173354735
0.296339337594422,0.813804173354735
0.296145651752857,0.813804173354735
0.295951965911292,0.813804173354735
0.295758280069727,0.813804173354735
0.295564594228162,0.813804173354735
0.295564594228162,0.813269127875869
0.295370908386597,0.813269127875869
0.295177222545032,0.813269127875869
0.294983536703467,0.813269127875869
0.294789850861902,0.813269127875869
0.294596165020337,0.813269127875869
0.294402479178772,0.813269127875869
0.294208793337207,0.813269127875869
0.294015107495642,0.813269127875869
0.294015107495642,0.812734082397004
0.293821421654077,0.812734082397004
0.293627735812512,0.812734082397004
0.293434049970947,0.812734082397004
0.293240364129382,0.812734082397004
0.293046678287817,0.812734082397004
0.292852992446252,0.812734082397004
0.292659306604687,0.812734082397004
0.292659306604687,0.812199036918138
0.292465620763122,0.812199036918138
0.292271934921557,0.812199036918138
0.292078249079992,0.812199036918138
0.291884563238427,0.812199036918138
0.291690877396862,0.812199036918138
0.291497191555297,0.812199036918138
0.291303505713732,0.812199036918138
0.291109819872167,0.812199036918138
0.290916134030602,0.812199036918138
0.290722448189037,0.812199036918138
0.290722448189037,0.811663991439272
0.290528762347472,0.811663991439272
0.290335076505907,0.811663991439272
0.290141390664342,0.811663991439272
0.290141390664342,0.811128945960407
0.289947704822777,0.811128945960407
0.289754018981212,0.811128945960407
0.289560333139647,0.811128945960407
0.289560333139647,0.810593900481541
0.289366647298082,0.810593900481541
0.289172961456517,0.810593900481541
0.288979275614953,0.810593900481541
0.288785589773388,0.810593900481541
0.288591903931823,0.810593900481541
0.288591903931823,0.810058855002675
0.288398218090258,0.810058855002675
0.288204532248693,0.810058855002675
0.288010846407128,0.810058855002675
0.287817160565563,0.810058855002675
0.287623474723998,0.810058855002675
0.287429788882433,0.810058855002675
0.287236103040868,0.810058855002675
0.287042417199303,0.810058855002675
0.286848731357738,0.810058855002675
0.286848731357738,0.80952380952381
0.286848731357738,0.808988764044944
0.286655045516173,0.808988764044944
0.286655045516173,0.808453718566078
0.286461359674608,0.808453718566078
0.286267673833043,0.808453718566078
0.286073987991478,0.808453718566078
0.285880302149913,0.808453718566078
0.285686616308348,0.808453718566078
0.285492930466783,0.808453718566078
0.285299244625218,0.808453718566078
0.285105558783653,0.808453718566078
0.285105558783653,0.807918673087212
0.284911872942088,0.807918673087212
0.284718187100523,0.807918673087212
0.284718187100523,0.807383627608347
0.284718187100523,0.806848582129481
0.284524501258958,0.806848582129481
0.284330815417393,0.806848582129481
0.284330815417393,0.806313536650615
0.284137129575828,0.806313536650615
0.283943443734263,0.806313536650615
0.283943443734263,0.80577849117175
0.283749757892698,0.80577849117175
0.283556072051133,0.80577849117175
0.283362386209568,0.80577849117175
0.283168700368003,0.80577849117175
0.282975014526438,0.80577849117175
0.282781328684873,0.80577849117175
0.282781328684873,0.805243445692884
0.282587642843308,0.805243445692884
0.282587642843308,0.804708400214018
0.282393957001743,0.804708400214018
0.282200271160178,0.804708400214018
0.282006585318613,0.804708400214018
0.281812899477048,0.804708400214018
0.281619213635483,0.804708400214018
0.281619213635483,0.804173354735153
0.281425527793918,0.804173354735153
0.281231841952353,0.804173354735153
0.281038156110788,0.804173354735153
0.280844470269223,0.804173354735153
0.280844470269223,0.803638309256287
0.280844470269223,0.803103263777421
0.280650784427658,0.803103263777421
0.280650784427658,0.802568218298555
0.280457098586093,0.802568218298555
0.280263412744528,0.802568218298555
0.279876041061398,0.802568218298555
0.279682355219833,0.802568218298555
0.279488669378268,0.802568218298555
0.279488669378268,0.80203317281969
0.279101297695138,0.80203317281969
0.278907611853573,0.80203317281969
0.278713926012009,0.80203317281969
0.278520240170444,0.80203317281969
0.278326554328879,0.80203317281969
0.278326554328879,0.801498127340824
0.278132868487314,0.801498127340824
0.278132868487314,0.800963081861958
0.277939182645749,0.800963081861958
0.277745496804184,0.800963081861958
0.277551810962619,0.800963081861958
0.277358125121054,0.800963081861958
0.277164439279489,0.800963081861958
0.276970753437924,0.800963081861958
0.276970753437924,0.800428036383093
0.276777067596359,0.800428036383093
0.276777067596359,0.799892990904227
0.276583381754794,0.799892990904227
0.276389695913229,0.799892990904227
0.276196010071664,0.799892990904227
0.276002324230099,0.799892990904227
0.275808638388534,0.799892990904227
0.275614952546969,0.799892990904227
0.275421266705404,0.799892990904227
0.275421266705404,0.799357945425361
0.275227580863839,0.799357945425361
0.275033895022274,0.799357945425361
0.274840209180709,0.799357945425361
0.274646523339144,0.799357945425361
0.274452837497579,0.799357945425361
0.274259151656014,0.799357945425361
0.274065465814449,0.799357945425361
0.273871779972884,0.799357945425361
0.273678094131319,0.799357945425361
0.273484408289754,0.799357945425361
0.273290722448189,0.799357945425361
0.273097036606624,0.799357945425361
0.272903350765059,0.799357945425361
0.272709664923494,0.799357945425361
0.272709664923494,0.798822899946495
0.272515979081929,0.798822899946495
0.272322293240364,0.798822899946495
0.272128607398799,0.798822899946495
0.271934921557234,0.798822899946495
0.271934921557234,0.79828785446763
0.271741235715669,0.79828785446763
0.271547549874104,0.79828785446763
0.271353864032539,0.79828785446763
0.271160178190974,0.79828785446763
0.270966492349409,0.79828785446763
0.270772806507844,0.79828785446763
0.270579120666279,0.79828785446763
0.270385434824714,0.79828785446763
0.270191748983149,0.79828785446763
0.269998063141584,0.79828785446763
0.269804377300019,0.79828785446763
0.269610691458454,0.79828785446763
0.269417005616889,0.79828785446763
0.269417005616889,0.797752808988764
0.269223319775324,0.797752808988764
0.269029633933759,0.797752808988764
0.268835948092194,0.797752808988764
0.268642262250629,0.797752808988764
0.268448576409064,0.797752808988764
0.2682548905675,0.797752808988764
0.268061204725935,0.797752808988764
0.26786751888437,0.797752808988764
0.26786751888437,0.797217763509898
0.267673833042805,0.797217763509898
0.267673833042805,0.796682718031033
0.26748014720124,0.796682718031033
0.267286461359675,0.796682718031033
0.26709277551811,0.796682718031033
0.266899089676545,0.796682718031033
0.26670540383498,0.796682718031033
0.26670540383498,0.796147672552167
0.26670540383498,0.795612627073301
0.26670540383498,0.795077581594436
0.266511717993415,0.795077581594436
0.266511717993415,0.79454253611557
0.26631803215185,0.79454253611557
0.266124346310285,0.79454253611557
0.26593066046872,0.79454253611557
0.265736974627155,0.79454253611557
0.26554328878559,0.79454253611557
0.265349602944025,0.79454253611557
0.26515591710246,0.79454253611557
0.26515591710246,0.794007490636704
0.264962231260895,0.794007490636704
0.264962231260895,0.793472445157838
0.264962231260895,0.792937399678973
0.264962231260895,0.792402354200107
0.264962231260895,0.791867308721241
0.26476854541933,0.791867308721241
0.264574859577765,0.791867308721241
0.2643811737362,0.791867308721241
0.264187487894635,0.791867308721241
0.26399380205307,0.791867308721241
0.263800116211505,0.791867308721241
0.26360643036994,0.791867308721241
0.263412744528375,0.791867308721241
0.26321905868681,0.791867308721241
0.263025372845245,0.791867308721241
0.26283168700368,0.791867308721241
0.262638001162115,0.791867308721241
0.26244431532055,0.791867308721241
0.262250629478985,0.791867308721241
0.26205694363742,0.791867308721241
0.261863257795855,0.791867308721241
0.26166957195429,0.791867308721241
0.26166957195429,0.791332263242376
0.26166957195429,0.79079721776351
0.261475886112725,0.79079721776351
0.26128220027116,0.79079721776351
0.261088514429595,0.79079721776351
0.26089482858803,0.79079721776351
0.260701142746465,0.79079721776351
0.260701142746465,0.790262172284644
0.260701142746465,0.789727126805779
0.2605074569049,0.789727126805779
0.260313771063335,0.789727126805779
0.26012008522177,0.789727126805779
0.259926399380205,0.789727126805779
0.25973271353864,0.789727126805779
0.259539027697075,0.789727126805779
0.25934534185551,0.789727126805779
0.259151656013945,0.789727126805779
0.25895797017238,0.789727126805779
0.25895797017238,0.789192081326913
0.258764284330815,0.789192081326913
0.25857059848925,0.789192081326913
0.25857059848925,0.788657035848047
0.258376912647685,0.788657035848047
0.258376912647685,0.788121990369181
0.258376912647685,0.787586944890316
0.25818322680612,0.787586944890316
0.257989540964556,0.787586944890316
0.257795855122991,0.787586944890316
0.257602169281426,0.787586944890316
0.257408483439861,0.787586944890316
0.257214797598296,0.787586944890316
0.257021111756731,0.787586944890316
0.256827425915166,0.787586944890316
0.256633740073601,0.787586944890316
0.256440054232036,0.787586944890316
0.256440054232036,0.78705189941145
0.256440054232036,0.786516853932584
0.256440054232036,0.785981808453719
0.256440054232036,0.785446762974853
0.256440054232036,0.784911717495987
0.256246368390471,0.784911717495987
0.256052682548906,0.784911717495987
0.255858996707341,0.784911717495987
0.255665310865776,0.784911717495987
0.255665310865776,0.784376672017121
0.255471625024211,0.784376672017121
0.255277939182646,0.784376672017121
0.255277939182646,0.783841626538256
0.255084253341081,0.783841626538256
0.254890567499516,0.783841626538256
0.254696881657951,0.783841626538256
0.254503195816386,0.783841626538256
0.254503195816386,0.78330658105939
0.254503195816386,0.782771535580524
0.254309509974821,0.782771535580524
0.254115824133256,0.782771535580524
0.254115824133256,0.782236490101659
0.253922138291691,0.782236490101659
0.253728452450126,0.782236490101659
0.253534766608561,0.782236490101659
0.253341080766996,0.782236490101659
0.253147394925431,0.782236490101659
0.252953709083866,0.782236490101659
0.252760023242301,0.782236490101659
0.252566337400736,0.782236490101659
0.252372651559171,0.782236490101659
0.252178965717606,0.782236490101659
0.251985279876041,0.782236490101659
0.251985279876041,0.781701444622793
0.251985279876041,0.781166399143927
0.251791594034476,0.781166399143927
0.251597908192911,0.781166399143927
0.251404222351346,0.781166399143927
0.251210536509781,0.781166399143927
0.251016850668216,0.781166399143927
0.250823164826651,0.781166399143927
0.250823164826651,0.780631353665062
0.250629478985086,0.780631353665062
0.250629478985086,0.780096308186196
0.250435793143521,0.780096308186196
0.250435793143521,0.77956126270733
0.250242107301956,0.77956126270733
0.250048421460391,0.77956126270733
0.249854735618826,0.77956126270733
0.249661049777261,0.77956126270733
0.249467363935696,0.77956126270733
0.249467363935696,0.779026217228464
0.249273678094131,0.779026217228464
0.249079992252566,0.779026217228464
0.248886306411001,0.779026217228464
0.248886306411001,0.778491171749599
0.248692620569436,0.778491171749599
0.248498934727871,0.778491171749599
0.248498934727871,0.777956126270733
0.248305248886306,0.777956126270733
0.248111563044741,0.777956126270733
0.247917877203176,0.777956126270733
0.247917877203176,0.777421080791867
0.247724191361612,0.777421080791867
0.247530505520047,0.777421080791867
0.247336819678482,0.777421080791867
0.247143133836917,0.777421080791867
0.246949447995352,0.777421080791867
0.246755762153787,0.777421080791867
0.246755762153787,0.776886035313002
0.246755762153787,0.776350989834136
0.246562076312222,0.776350989834136
0.246368390470657,0.776350989834136
0.246174704629092,0.776350989834136
0.245981018787527,0.776350989834136
0.245787332945962,0.776350989834136
0.245593647104397,0.776350989834136
0.245399961262832,0.776350989834136
0.245206275421267,0.776350989834136
0.245012589579702,0.776350989834136
0.244818903738137,0.776350989834136
0.244818903738137,0.77581594435527
0.244625217896572,0.77581594435527
0.244431532055007,0.77581594435527
0.244431532055007,0.775280898876405
0.244237846213442,0.775280898876405
0.244044160371877,0.775280898876405
0.243850474530312,0.775280898876405
0.243656788688747,0.775280898876405
0.243463102847182,0.775280898876405
0.243463102847182,0.774745853397539
0.243269417005617,0.774745853397539
0.243075731164052,0.774745853397539
0.242882045322487,0.774745853397539
0.242688359480922,0.774745853397539
0.242494673639357,0.774745853397539
0.242300987797792,0.774745853397539
0.242107301956227,0.774745853397539
0.241913616114662,0.774745853397539
0.241719930273097,0.774745853397539
0.241526244431532,0.774745853397539
0.241332558589967,0.774745853397539
0.241332558589967,0.774210807918673
0.241138872748402,0.774210807918673
0.240945186906837,0.774210807918673
0.240751501065272,0.774210807918673
0.240751501065272,0.773675762439807
0.240557815223707,0.773675762439807
0.240364129382142,0.773675762439807
0.240170443540577,0.773675762439807
0.239976757699012,0.773675762439807
0.239976757699012,0.773140716960942
0.239783071857447,0.773140716960942
0.239589386015882,0.773140716960942
0.239395700174317,0.773140716960942
0.239202014332752,0.773140716960942
0.239008328491187,0.773140716960942
0.239008328491187,0.772605671482076
0.238814642649622,0.772605671482076
0.238620956808057,0.772605671482076
0.238427270966492,0.772605671482076
0.238233585124927,0.772605671482076
0.238039899283362,0.772605671482076
0.238039899283362,0.77207062600321
0.237846213441797,0.77207062600321
0.237652527600232,0.77207062600321
0.237458841758667,0.77207062600321
0.237265155917103,0.77207062600321
0.237071470075538,0.77207062600321
0.236877784233973,0.77207062600321
0.236684098392408,0.77207062600321
0.236490412550843,0.77207062600321
0.236296726709278,0.77207062600321
0.236103040867713,0.77207062600321
0.235909355026148,0.77207062600321
0.235715669184583,0.77207062600321
0.235715669184583,0.771535580524345
0.235521983343018,0.771535580524345
0.235521983343018,0.771000535045479
0.235328297501453,0.771000535045479
0.235134611659888,0.771000535045479
0.234940925818323,0.771000535045479
0.234747239976758,0.771000535045479
0.234747239976758,0.770465489566613
0.234553554135193,0.770465489566613
0.234359868293628,0.770465489566613
0.234359868293628,0.769930444087747
0.234166182452063,0.769930444087747
0.233972496610498,0.769930444087747
0.233972496610498,0.769395398608882
0.233972496610498,0.768860353130016
0.233778810768933,0.768860353130016
0.233585124927368,0.768860353130016
0.233391439085803,0.768860353130016
0.233197753244238,0.768860353130016
0.233197753244238,0.76832530765115
0.233004067402673,0.76832530765115
0.233004067402673,0.767790262172285
0.232810381561108,0.767790262172285
0.232810381561108,0.767255216693419
0.232616695719543,0.767255216693419
0.232423009877978,0.767255216693419
0.232229324036413,0.767255216693419
0.232035638194848,0.767255216693419
0.231841952353283,0.767255216693419
0.231648266511718,0.767255216693419
0.231648266511718,0.766720171214553
0.231454580670153,0.766720171214553
0.231260894828588,0.766720171214553
0.231067208987023,0.766720171214553
0.231067208987023,0.766185125735688
0.230873523145458,0.766185125735688
0.230873523145458,0.765650080256822
0.230679837303893,0.765650080256822
0.230679837303893,0.765115034777956
0.230679837303893,0.76457998929909
0.230486151462328,0.76457998929909
0.230486151462328,0.764044943820225
0.230486151462328,0.763509898341359
0.230292465620763,0.763509898341359
0.230292465620763,0.762974852862493
0.230098779779198,0.762974852862493
0.229905093937633,0.762974852862493
0.229711408096068,0.762974852862493
0.229517722254503,0.762974852862493
0.229324036412938,0.762974852862493
0.229130350571373,0.762974852862493
0.229130350571373,0.762439807383628
0.229130350571373,0.761904761904762
0.228936664729808,0.761904761904762
0.228936664729808,0.761369716425896
0.228742978888243,0.761369716425896
0.228742978888243,0.760834670947031
0.228549293046678,0.760834670947031
0.228355607205113,0.760834670947031
0.228355607205113,0.760299625468165
0.228355607205113,0.759764579989299
0.228161921363548,0.759764579989299
0.227968235521983,0.759764579989299
0.227774549680418,0.759764579989299
0.227580863838853,0.759764579989299
0.227580863838853,0.759229534510433
0.227387177997288,0.759229534510433
0.227193492155723,0.759229534510433
0.227193492155723,0.758694489031568
0.226999806314158,0.758694489031568
0.226999806314158,0.758159443552702
0.226806120472593,0.758159443552702
0.226806120472593,0.757624398073836
0.226612434631028,0.757624398073836
0.226612434631028,0.757089352594971
0.226418748789463,0.757089352594971
0.226225062947898,0.757089352594971
0.226031377106333,0.757089352594971
0.225837691264768,0.757089352594971
0.225644005423204,0.757089352594971
0.225450319581639,0.757089352594971
0.225450319581639,0.756554307116105
0.225256633740074,0.756554307116105
0.225256633740074,0.756019261637239
0.225256633740074,0.755484216158373
0.225256633740074,0.754949170679508
0.225062947898509,0.754949170679508
0.224869262056944,0.754949170679508
0.224869262056944,0.754414125200642
0.224675576215379,0.754414125200642
0.224675576215379,0.753879079721776
0.224481890373814,0.753879079721776
0.224288204532249,0.753879079721776
0.224094518690684,0.753879079721776
0.223900832849119,0.753879079721776
0.223707147007554,0.753879079721776
0.223707147007554,0.753344034242911
0.223513461165989,0.753344034242911
0.223513461165989,0.752808988764045
0.223319775324424,0.752808988764045
0.223319775324424,0.752273943285179
0.223126089482859,0.752273943285179
0.222932403641294,0.752273943285179
0.222738717799729,0.752273943285179
0.222545031958164,0.752273943285179
0.222351346116599,0.752273943285179
0.222351346116599,0.751738897806314
0.222157660275034,0.751738897806314
0.221963974433469,0.751738897806314
0.221770288591904,0.751738897806314
0.221576602750339,0.751738897806314
0.221382916908774,0.751738897806314
0.221189231067209,0.751738897806314
0.220995545225644,0.751738897806314
0.220801859384079,0.751738897806314
0.220608173542514,0.751738897806314
0.220414487700949,0.751738897806314
0.220414487700949,0.751203852327448
0.220220801859384,0.751203852327448
0.220027116017819,0.751203852327448
0.220027116017819,0.750668806848582
0.220027116017819,0.750133761369716
0.219833430176254,0.750133761369716
0.219833430176254,0.749598715890851
0.219639744334689,0.749598715890851
0.219446058493124,0.749598715890851
0.219446058493124,0.749063670411985
0.219446058493124,0.748528624933119
0.219252372651559,0.748528624933119
0.219058686809994,0.748528624933119
0.218865000968429,0.748528624933119
0.218671315126864,0.748528624933119
0.218477629285299,0.748528624933119
0.218283943443734,0.748528624933119
0.218090257602169,0.748528624933119
0.218090257602169,0.747993579454254
0.217896571760604,0.747993579454254
0.217702885919039,0.747993579454254
0.217509200077474,0.747993579454254
0.217315514235909,0.747993579454254
0.217121828394344,0.747993579454254
0.216928142552779,0.747993579454254
0.216928142552779,0.747458533975388
0.216928142552779,0.746923488496522
0.216734456711214,0.746923488496522
0.216734456711214,0.746388443017656
0.216540770869649,0.746388443017656
0.216347085028084,0.746388443017656
0.216153399186519,0.746388443017656
0.215959713344954,0.746388443017656
0.215959713344954,0.745853397538791
0.215766027503389,0.745853397538791
0.215572341661824,0.745853397538791
0.21537865582026,0.745853397538791
0.215184969978695,0.745853397538791
0.21499128413713,0.745853397538791
0.21499128413713,0.745318352059925
0.214797598295565,0.745318352059925
0.214603912454,0.745318352059925
0.214410226612435,0.745318352059925
0.21421654077087,0.745318352059925
0.21421654077087,0.744783306581059
0.21421654077087,0.744248261102194
0.21421654077087,0.743713215623328
0.21421654077087,0.743178170144462
0.21421654077087,0.742643124665597
0.214022854929305,0.742643124665597
0.214022854929305,0.742108079186731
0.214022854929305,0.741573033707865
0.21382916908774,0.741573033707865
0.21382916908774,0.741037988228999
0.213635483246175,0.741037988228999
0.21344179740461,0.741037988228999
0.213248111563045,0.741037988228999
0.21305442572148,0.741037988228999
0.21305442572148,0.740502942750134
0.212860739879915,0.740502942750134
0.21266705403835,0.740502942750134
0.212473368196785,0.740502942750134
0.21227968235522,0.740502942750134
0.21227968235522,0.739967897271268
0.212085996513655,0.739967897271268
0.21189231067209,0.739967897271268
0.21189231067209,0.739432851792402
0.21189231067209,0.738897806313537
0.211698624830525,0.738897806313537
0.21150493898896,0.738897806313537
0.21150493898896,0.738362760834671
0.21150493898896,0.737827715355805
0.211311253147395,0.737827715355805
0.211311253147395,0.73729266987694
0.211311253147395,0.736757624398074
0.211311253147395,0.736222578919208
0.21111756730583,0.736222578919208
0.210923881464265,0.736222578919208
0.2107301956227,0.736222578919208
0.210536509781135,0.736222578919208
0.210536509781135,0.735687533440342
0.210536509781135,0.735152487961477
0.21034282393957,0.734617442482611
0.21034282393957,0.734082397003745
0.210149138098005,0.734082397003745
0.20995545225644,0.734082397003745
0.209761766414875,0.734082397003745
0.20956808057331,0.734082397003745
0.209374394731745,0.734082397003745
0.20918070889018,0.734082397003745
0.208987023048615,0.734082397003745
0.20879333720705,0.734082397003745
0.208599651365485,0.734082397003745
0.20840596552392,0.734082397003745
0.208212279682355,0.734082397003745
0.208212279682355,0.73354735152488
0.208212279682355,0.733012306046014
0.20801859384079,0.733012306046014
0.20801859384079,0.732477260567148
0.207824907999225,0.732477260567148
0.20763122215766,0.732477260567148
0.207437536316095,0.732477260567148
0.207437536316095,0.731942215088282
0.20724385047453,0.731942215088282
0.207050164632965,0.731942215088282
0.2068564787914,0.731942215088282
0.2068564787914,0.731407169609417
0.206662792949835,0.731407169609417
0.206662792949835,0.730872124130551
0.20646910710827,0.730872124130551
0.20646910710827,0.730337078651685
0.20646910710827,0.72980203317282
0.206275421266705,0.72980203317282
0.20608173542514,0.72980203317282
0.205888049583575,0.72980203317282
0.20569436374201,0.72980203317282
0.20569436374201,0.729266987693954
0.205500677900445,0.729266987693954
0.20530699205888,0.729266987693954
0.20530699205888,0.728731942215088
0.205113306217315,0.728731942215088
0.205113306217315,0.728196896736223
0.204919620375751,0.728196896736223
0.204919620375751,0.727661851257357
0.204725934534186,0.727661851257357
0.204725934534186,0.727126805778491
0.204532248692621,0.727126805778491
0.204532248692621,0.726591760299625
0.204338562851056,0.726591760299625
0.204144877009491,0.726591760299625
0.204144877009491,0.72605671482076
0.203951191167926,0.72605671482076
0.203757505326361,0.72605671482076
0.203563819484796,0.72605671482076
0.203370133643231,0.725521669341894
0.203370133643231,0.724986623863028
0.203176447801666,0.724986623863028
0.203176447801666,0.724451578384163
0.202982761960101,0.724451578384163
0.202982761960101,0.723916532905297
0.202789076118536,0.723916532905297
0.202789076118536,0.723381487426431
0.202789076118536,0.722846441947566
0.202595390276971,0.722846441947566
0.202595390276971,0.7223113964687
0.202595390276971,0.721776350989834
0.202401704435406,0.721776350989834
0.202208018593841,0.721776350989834
0.202208018593841,0.721241305510968
0.202014332752276,0.721241305510968
0.201820646910711,0.721241305510968
0.201820646910711,0.720706260032103
0.201820646910711,0.720171214553237
0.201626961069146,0.720171214553237
0.201433275227581,0.720171214553237
0.201433275227581,0.719636169074371
0.201433275227581,0.719101123595506
0.201239589386016,0.719101123595506
0.201239589386016,0.71856607811664
0.201045903544451,0.71856607811664
0.201045903544451,0.718031032637774
0.200852217702886,0.718031032637774
0.200852217702886,0.717495987158908
0.200658531861321,0.717495987158908
0.200658531861321,0.716960941680043
0.200658531861321,0.716425896201177
0.200464846019756,0.716425896201177
0.200271160178191,0.716425896201177
0.200271160178191,0.715890850722311
0.200077474336626,0.715890850722311
0.200077474336626,0.715355805243446
0.200077474336626,0.71482075976458
0.200077474336626,0.714285714285714
0.199883788495061,0.713750668806849
0.199690102653496,0.713750668806849
0.199496416811931,0.713750668806849
0.199302730970366,0.713750668806849
0.199109045128801,0.713750668806849
0.199109045128801,0.713215623327983
0.199109045128801,0.712680577849117
0.198915359287236,0.712680577849117
0.198915359287236,0.712145532370251
0.198915359287236,0.711610486891386
0.198721673445671,0.711610486891386
0.198527987604106,0.711610486891386
0.198140615920976,0.711610486891386
0.197946930079411,0.711610486891386
0.197753244237846,0.711610486891386
0.197559558396281,0.711610486891386
0.197365872554716,0.711610486891386
0.197365872554716,0.71107544141252
0.197365872554716,0.710540395933654
0.197365872554716,0.710005350454789
0.197172186713151,0.710005350454789
0.197172186713151,0.709470304975923
0.197172186713151,0.708935259497057
0.196978500871586,0.708935259497057
0.196978500871586,0.707865168539326
0.196784815030021,0.707865168539326
0.196591129188456,0.707865168539326
0.196397443346891,0.707865168539326
0.196397443346891,0.70733012306046
0.196203757505326,0.70733012306046
0.196203757505326,0.706795077581594
0.196203757505326,0.706260032102729
0.196203757505326,0.705724986623863
0.196010071663761,0.705724986623863
0.195816385822196,0.705724986623863
0.195816385822196,0.705189941144997
0.195816385822196,0.704654895666132
0.195622699980631,0.704119850187266
0.195429014139066,0.704119850187266
0.195041642455936,0.704119850187266
0.194847956614371,0.704119850187266
0.194654270772807,0.704119850187266
0.194654270772807,0.7035848047084
0.194460584931242,0.7035848047084
0.194266899089677,0.7035848047084
0.194073213248112,0.7035848047084
0.193879527406547,0.7035848047084
0.193685841564982,0.7035848047084
0.193685841564982,0.703049759229534
0.193492155723417,0.703049759229534
0.193492155723417,0.702514713750669
0.193298469881852,0.702514713750669
0.193298469881852,0.701979668271803
0.193104784040287,0.701979668271803
0.192911098198722,0.701979668271803
0.192911098198722,0.701444622792937
0.192717412357157,0.701444622792937
0.192717412357157,0.700909577314072
0.192523726515592,0.700909577314072
0.192523726515592,0.700374531835206
0.192330040674027,0.700374531835206
0.192330040674027,0.69983948635634
0.192136354832462,0.69983948635634
0.191942668990897,0.69983948635634
0.191942668990897,0.699304440877475
0.191942668990897,0.698769395398609
0.191748983149332,0.698769395398609
0.191555297307767,0.698769395398609
0.191555297307767,0.698234349919743
0.191555297307767,0.697699304440877
0.191361611466202,0.697699304440877
0.191167925624637,0.697699304440877
0.191167925624637,0.697164258962012
0.190974239783072,0.697164258962012
0.190780553941507,0.697164258962012
0.190780553941507,0.696629213483146
0.190780553941507,0.69609416800428
0.190586868099942,0.69609416800428
0.190393182258377,0.69609416800428
0.190199496416812,0.69609416800428
0.190005810575247,0.69609416800428
0.189812124733682,0.69609416800428
0.189618438892117,0.69609416800428
0.189618438892117,0.695559122525415
0.189424753050552,0.695559122525415
0.189231067208987,0.695559122525415
0.189037381367422,0.695559122525415
0.189037381367422,0.695024077046549
0.188843695525857,0.695024077046549
0.188650009684292,0.695024077046549
0.188456323842727,0.695024077046549
0.188456323842727,0.694489031567683
0.188456323842727,0.693953986088818
0.188456323842727,0.693418940609952
0.188262638001162,0.693418940609952
0.188068952159597,0.693418940609952
0.187875266318032,0.693418940609952
0.187875266318032,0.692883895131086
0.187875266318032,0.69234884965222
0.187875266318032,0.691813804173355
0.187875266318032,0.691278758694489
0.187875266318032,0.690743713215623
0.187875266318032,0.690208667736758
0.187875266318032,0.689138576779026
0.187875266318032,0.688068485821295
0.187875266318032,0.687533440342429
0.187875266318032,0.686998394863563
0.187681580476467,0.686998394863563
0.187487894634902,0.686998394863563
0.187294208793337,0.686998394863563
0.187294208793337,0.686463349384698
0.187294208793337,0.685393258426966
0.187100522951772,0.685393258426966
0.186906837110207,0.685393258426966
0.186713151268642,0.685393258426966
0.186519465427077,0.685393258426966
0.186325779585512,0.685393258426966
0.186132093743947,0.685393258426966
0.185938407902382,0.685393258426966
0.185744722060817,0.684858212948101
0.185744722060817,0.684323167469235
0.185551036219252,0.684323167469235
0.185357350377687,0.684323167469235
0.185163664536122,0.683253076511503
0.185163664536122,0.682718031032638
0.185163664536122,0.682182985553772
0.184969978694557,0.682182985553772
0.184969978694557,0.681647940074906
0.184969978694557,0.681112894596041
0.184969978694557,0.680042803638309
0.184776292852992,0.680042803638309
0.184582607011427,0.680042803638309
0.184388921169862,0.679507758159444
0.184195235328298,0.679507758159444
0.184001549486733,0.679507758159444
0.184001549486733,0.678972712680578
0.184001549486733,0.678437667201712
0.184001549486733,0.677902621722846
0.184001549486733,0.677367576243981
0.183807863645168,0.677367576243981
0.183614177803603,0.677367576243981
0.183614177803603,0.676832530765115
0.183420491962038,0.676832530765115
0.183226806120473,0.676832530765115
0.183226806120473,0.676297485286249
0.183033120278908,0.676297485286249
0.182839434437343,0.676297485286249
0.182645748595778,0.675762439807384
0.182645748595778,0.675227394328518
0.182645748595778,0.674157303370786
0.182645748595778,0.673622257891921
0.182452062754213,0.673622257891921
0.182258376912648,0.673622257891921
0.182064691071083,0.673622257891921
0.181871005229518,0.673087212413055
0.181677319387953,0.673087212413055
0.181483633546388,0.673087212413055
0.181289947704823,0.672552166934189
0.181096261863258,0.672552166934189
0.180902576021693,0.672552166934189
0.180708890180128,0.672552166934189
0.180708890180128,0.672017121455324
0.180515204338563,0.672017121455324
0.180515204338563,0.671482075976458
0.180321518496998,0.671482075976458
0.180321518496998,0.670947030497592
0.180127832655433,0.670947030497592
0.179934146813868,0.670947030497592
0.179740460972303,0.670947030497592
0.179546775130738,0.670947030497592
0.179546775130738,0.670411985018727
0.179546775130738,0.669876939539861
0.179546775130738,0.669341894060995
0.179353089289173,0.669341894060995
0.179159403447608,0.669341894060995
0.179159403447608,0.668806848582129
0.178965717606043,0.668806848582129
0.178772031764478,0.668806848582129
0.178578345922913,0.668806848582129
0.178384660081348,0.668806848582129
0.178190974239783,0.668806848582129
0.177997288398218,0.668806848582129
0.177803602556653,0.668806848582129
0.177609916715088,0.668806848582129
0.177416230873523,0.668806848582129
0.177416230873523,0.668271803103264
0.177222545031958,0.668271803103264
0.177028859190393,0.668271803103264
0.176835173348828,0.668271803103264
0.176641487507263,0.668271803103264
0.176447801665698,0.668271803103264
0.176254115824133,0.668271803103264
0.176060429982568,0.668271803103264
0.175866744141003,0.668271803103264
0.175673058299438,0.668271803103264
0.175673058299438,0.667736757624398
0.175673058299438,0.667201712145532
0.175673058299438,0.666666666666667
0.175479372457873,0.666666666666667
0.175479372457873,0.666131621187801
0.175479372457873,0.665596575708935
0.175285686616308,0.665596575708935
0.175092000774743,0.665596575708935
0.175092000774743,0.66506153023007
0.174898314933178,0.66506153023007
0.174704629091613,0.66506153023007
0.174510943250048,0.66506153023007
0.174317257408483,0.66506153023007
0.174317257408483,0.664526484751204
0.174123571566918,0.664526484751204
0.174123571566918,0.663991439272338
0.173929885725354,0.663991439272338
0.173736199883789,0.663991439272338
0.173542514042224,0.663991439272338
0.173348828200659,0.663991439272338
0.173348828200659,0.663456393793472
0.173155142359094,0.663456393793472
0.173155142359094,0.662921348314607
0.173155142359094,0.662386302835741
0.172961456517529,0.662386302835741
0.172767770675964,0.662386302835741
0.172574084834399,0.662386302835741
0.172380398992834,0.662386302835741
0.172186713151269,0.662386302835741
0.171993027309704,0.662386302835741
0.171993027309704,0.661851257356875
0.171993027309704,0.66131621187801
0.171993027309704,0.660781166399144
0.171993027309704,0.660246120920278
0.171799341468139,0.660246120920278
0.171605655626574,0.660246120920278
0.171411969785009,0.660246120920278
0.171218283943444,0.660246120920278
0.171024598101879,0.660246120920278
0.170830912260314,0.660246120920278
0.170637226418749,0.660246120920278
0.170637226418749,0.659711075441412
0.170443540577184,0.659711075441412
0.170249854735619,0.659711075441412
0.170249854735619,0.659176029962547
0.170249854735619,0.658640984483681
0.170249854735619,0.658105939004815
0.170056168894054,0.658105939004815
0.169862483052489,0.658105939004815
0.169668797210924,0.658105939004815
0.169475111369359,0.658105939004815
0.169281425527794,0.658105939004815
0.169087739686229,0.658105939004815
0.168894053844664,0.658105939004815
0.168700368003099,0.658105939004815
0.168506682161534,0.658105939004815
0.168506682161534,0.65757089352595
0.168312996319969,0.65757089352595
0.168119310478404,0.65757089352595
0.167925624636839,0.65757089352595
0.167731938795274,0.65757089352595
0.167538252953709,0.65757089352595
0.167344567112144,0.65757089352595
0.167344567112144,0.657035848047084
0.167344567112144,0.656500802568218
0.167150881270579,0.656500802568218
0.166957195429014,0.656500802568218
0.166763509587449,0.656500802568218
0.166569823745884,0.656500802568218
0.166569823745884,0.655965757089353
0.166376137904319,0.655965757089353
0.166182452062754,0.655965757089353
0.165988766221189,0.655965757089353
0.165988766221189,0.655430711610487
0.165795080379624,0.655430711610487
0.165601394538059,0.655430711610487
0.165407708696494,0.655430711610487
0.165214022854929,0.655430711610487
0.165020337013364,0.655430711610487
0.164826651171799,0.655430711610487
0.164826651171799,0.654895666131621
0.164632965330234,0.654895666131621
0.164632965330234,0.654360620652755
0.164632965330234,0.65382557517389
0.164439279488669,0.65382557517389
0.164439279488669,0.653290529695024
0.164245593647104,0.653290529695024
0.164051907805539,0.653290529695024
0.163858221963974,0.653290529695024
0.163664536122409,0.653290529695024
0.163664536122409,0.652755484216158
0.163470850280845,0.652755484216158
0.16327716443928,0.652755484216158
0.163083478597715,0.652755484216158
0.16288979275615,0.652755484216158
0.16288979275615,0.652220438737293
0.162696106914585,0.652220438737293
0.16250242107302,0.652220438737293
0.16250242107302,0.651685393258427
0.16250242107302,0.651150347779561
0.16250242107302,0.650615302300696
0.162308735231455,0.650615302300696
0.162308735231455,0.65008025682183
0.162308735231455,0.649545211342964
0.162308735231455,0.649010165864098
0.16211504938989,0.649010165864098
0.161921363548325,0.649010165864098
0.161921363548325,0.648475120385233
0.16172767770676,0.648475120385233
0.16172767770676,0.647940074906367
0.161533991865195,0.647940074906367
0.161533991865195,0.647405029427501
0.16134030602363,0.647405029427501
0.16134030602363,0.646869983948636
0.161146620182065,0.646869983948636
0.1609529343405,0.646869983948636
0.160759248498935,0.646869983948636
0.16056556265737,0.646869983948636
0.160371876815805,0.646869983948636
0.160371876815805,0.64633493846977
0.160371876815805,0.645799892990904
0.160371876815805,0.645264847512038
0.16017819097424,0.645264847512038
0.16017819097424,0.644729802033173
0.159984505132675,0.644729802033173
0.15979081929111,0.644729802033173
0.15979081929111,0.644194756554307
0.159597133449545,0.644194756554307
0.15940344760798,0.644194756554307
0.159209761766415,0.644194756554307
0.15901607592485,0.644194756554307
0.15901607592485,0.643659711075441
0.15901607592485,0.643124665596576
0.158822390083285,0.643124665596576
0.158822390083285,0.64258962011771
0.15862870424172,0.64258962011771
0.158435018400155,0.64258962011771
0.158435018400155,0.642054574638844
0.15824133255859,0.642054574638844
0.158047646717025,0.642054574638844
0.15785396087546,0.642054574638844
0.157660275033895,0.642054574638844
0.157660275033895,0.641519529159979
0.15746658919233,0.641519529159979
0.157272903350765,0.641519529159979
0.157272903350765,0.640984483681113
0.157272903350765,0.640449438202247
0.157272903350765,0.639914392723381
0.1570792175092,0.639914392723381
0.156885531667635,0.639914392723381
0.15669184582607,0.639914392723381
0.156498159984505,0.639914392723381
0.15630447414294,0.639914392723381
0.156110788301375,0.639914392723381
0.15591710245981,0.639914392723381
0.155723416618245,0.639914392723381
0.155723416618245,0.639379347244516
0.15552973077668,0.639379347244516
0.155336044935115,0.639379347244516
0.155336044935115,0.63884430176565
0.15514235909355,0.63884430176565
0.154948673251985,0.63884430176565
0.15475498741042,0.63884430176565
0.15475498741042,0.638309256286784
0.154561301568855,0.638309256286784
0.15436761572729,0.638309256286784
0.15436761572729,0.637774210807919
0.15436761572729,0.637239165329053
0.15436761572729,0.636704119850187
0.154173929885725,0.636704119850187
0.154173929885725,0.636169074371322
0.15398024404416,0.636169074371322
0.15398024404416,0.635634028892456
0.15398024404416,0.63509898341359
0.153786558202595,0.63509898341359
0.15359287236103,0.63509898341359
0.153399186519465,0.63509898341359
0.1532055006779,0.63509898341359
0.1532055006779,0.634563937934724
0.1532055006779,0.634028892455859
0.153011814836335,0.634028892455859
0.15281812899477,0.634028892455859
0.152624443153205,0.634028892455859
0.152624443153205,0.633493846976993
0.152430757311641,0.633493846976993
0.152237071470076,0.633493846976993
0.152237071470076,0.632958801498127
0.152043385628511,0.632958801498127
0.152043385628511,0.632423756019262
0.151849699786946,0.632423756019262
0.151656013945381,0.632423756019262
0.151462328103816,0.632423756019262
0.151268642262251,0.632423756019262
0.151074956420686,0.632423756019262
0.150881270579121,0.632423756019262
0.150881270579121,0.631888710540396
0.150687584737556,0.631888710540396
0.150493898895991,0.631888710540396
0.150300213054426,0.631888710540396
0.150106527212861,0.631888710540396
0.150106527212861,0.63135366506153
0.150106527212861,0.630818619582664
0.150106527212861,0.630283574103799
0.149912841371296,0.630283574103799
0.149719155529731,0.630283574103799
0.149719155529731,0.629748528624933
0.149525469688166,0.629748528624933
0.149525469688166,0.629213483146067
0.149331783846601,0.629213483146067
0.149331783846601,0.628678437667202
0.149138098005036,0.628678437667202
0.148944412163471,0.628678437667202
0.148944412163471,0.628143392188336
0.148944412163471,0.62760834670947
0.148750726321906,0.62760834670947
0.148557040480341,0.62760834670947
0.148557040480341,0.627073301230605
0.148557040480341,0.626538255751739
0.148363354638776,0.626538255751739
0.148169668797211,0.626538255751739
0.147975982955646,0.626538255751739
0.147782297114081,0.626538255751739
0.147588611272516,0.626538255751739
0.147588611272516,0.626003210272873
0.147588611272516,0.625468164794007
0.147394925430951,0.625468164794007
0.147394925430951,0.624933119315142
0.147201239589386,0.624933119315142
0.147007553747821,0.624933119315142
0.146813867906256,0.624933119315142
0.146813867906256,0.624398073836276
0.146813867906256,0.62386302835741
0.146813867906256,0.623327982878545
0.146620182064691,0.623327982878545
0.146426496223126,0.623327982878545
0.146426496223126,0.622792937399679
0.146232810381561,0.622792937399679
0.146039124539996,0.622792937399679
0.146039124539996,0.622257891920813
0.145845438698431,0.622257891920813
0.145845438698431,0.621722846441948
0.145651752856866,0.621722846441948
0.145651752856866,0.621187800963082
0.145458067015301,0.621187800963082
0.145264381173736,0.621187800963082
0.145070695332171,0.621187800963082
0.145070695332171,0.620652755484216
0.145070695332171,0.62011771000535
0.145070695332171,0.619582664526485
0.144877009490606,0.619582664526485
0.144683323649041,0.619582664526485
0.144683323649041,0.619047619047619
0.144489637807476,0.619047619047619
0.144295951965911,0.619047619047619
0.144102266124346,0.619047619047619
0.144102266124346,0.618512573568753
0.143908580282781,0.618512573568753
0.143908580282781,0.617977528089888
0.143908580282781,0.617442482611022
0.143714894441216,0.617442482611022
0.143521208599651,0.617442482611022
0.143521208599651,0.616907437132156
0.143327522758086,0.616907437132156
0.143133836916521,0.616907437132156
0.143133836916521,0.61637239165329
0.142940151074956,0.61637239165329
0.142940151074956,0.615837346174425
0.142940151074956,0.615302300695559
0.142746465233391,0.615302300695559
0.142552779391826,0.615302300695559
0.142359093550261,0.615302300695559
0.142359093550261,0.614767255216693
0.142165407708696,0.614767255216693
0.141971721867131,0.614767255216693
0.141778036025566,0.614767255216693
0.141584350184002,0.614767255216693
0.141584350184002,0.614232209737828
0.141390664342437,0.614232209737828
0.141196978500872,0.614232209737828
0.141003292659307,0.614232209737828
0.140809606817742,0.614232209737828
0.140809606817742,0.613697164258962
0.140809606817742,0.613162118780096
0.140615920976177,0.613162118780096
0.140615920976177,0.612627073301231
0.140422235134612,0.612627073301231
0.140228549293047,0.612627073301231
0.140228549293047,0.612092027822365
0.140228549293047,0.611556982343499
0.140034863451482,0.611556982343499
0.139841177609917,0.611556982343499
0.139647491768352,0.611556982343499
0.139453805926787,0.611556982343499
0.139260120085222,0.611556982343499
0.139260120085222,0.611021936864633
0.139066434243657,0.611021936864633
0.138872748402092,0.611021936864633
0.138872748402092,0.610486891385768
0.138872748402092,0.609951845906902
0.138872748402092,0.609416800428036
0.138679062560527,0.609416800428036
0.138679062560527,0.608881754949171
0.138485376718962,0.608881754949171
0.138485376718962,0.608346709470305
0.138485376718962,0.607811663991439
0.138485376718962,0.607276618512574
0.138291690877397,0.607276618512574
0.138098005035832,0.607276618512574
0.138098005035832,0.606741573033708
0.137904319194267,0.606741573033708
0.137904319194267,0.606206527554842
0.137710633352702,0.606206527554842
0.137516947511137,0.606206527554842
0.137323261669572,0.606206527554842
0.137323261669572,0.605671482075976
0.137323261669572,0.605136436597111
0.137129575828007,0.605136436597111
0.136935889986442,0.605136436597111
0.136742204144877,0.605136436597111
0.136742204144877,0.604601391118245
0.136548518303312,0.604601391118245
0.136354832461747,0.604601391118245
0.136161146620182,0.604601391118245
0.135773774937052,0.604601391118245
0.135580089095487,0.604601391118245
0.135580089095487,0.604066345639379
0.135580089095487,0.603531300160514
0.135580089095487,0.602996254681648
0.135386403253922,0.602996254681648
0.135192717412357,0.602996254681648
0.135192717412357,0.602461209202782
0.134999031570792,0.602461209202782
0.134805345729227,0.602461209202782
0.134805345729227,0.601926163723916
0.134611659887662,0.601926163723916
0.134417974046097,0.601926163723916
0.134417974046097,0.601391118245051
0.134417974046097,0.600856072766185
0.134417974046097,0.600321027287319
0.134224288204532,0.600321027287319
0.134224288204532,0.599785981808454
0.134030602362967,0.599785981808454
0.133836916521402,0.599785981808454
0.133836916521402,0.599250936329588
0.133836916521402,0.598715890850722
0.133836916521402,0.598180845371857
0.133643230679837,0.598180845371857
0.133643230679837,0.597645799892991
0.133643230679837,0.597110754414125
0.133449544838272,0.597110754414125
0.133255858996707,0.597110754414125
0.133255858996707,0.596575708935259
0.133062173155142,0.596575708935259
0.133062173155142,0.596040663456394
0.132868487313577,0.596040663456394
0.132674801472012,0.596040663456394
0.132674801472012,0.595505617977528
0.132481115630447,0.595505617977528
0.132287429788882,0.595505617977528
0.132093743947317,0.595505617977528
0.132093743947317,0.594970572498662
0.132093743947317,0.594435527019797
0.132093743947317,0.593900481540931
0.131900058105752,0.593900481540931
0.131706372264187,0.593900481540931
0.131706372264187,0.593365436062065
0.131512686422622,0.593365436062065
0.131319000581057,0.593365436062065
0.131319000581057,0.5928303905832
0.131319000581057,0.592295345104334
0.131125314739493,0.592295345104334
0.131125314739493,0.591760299625468
0.130931628897928,0.591760299625468
0.130931628897928,0.591225254146602
0.130931628897928,0.590690208667737
0.130737943056363,0.590690208667737
0.130737943056363,0.590155163188871
0.130737943056363,0.589620117710005
0.130544257214798,0.589620117710005
0.130544257214798,0.58908507223114
0.130350571373233,0.58908507223114
0.130156885531668,0.58908507223114
0.129963199690103,0.58908507223114
0.129769513848538,0.58908507223114
0.129575828006973,0.58908507223114
0.129382142165408,0.58908507223114
0.129188456323843,0.58908507223114
0.128994770482278,0.58908507223114
0.128994770482278,0.588550026752274
0.128994770482278,0.588014981273408
0.128994770482278,0.587479935794542
0.128801084640713,0.587479935794542
0.128607398799148,0.587479935794542
0.128607398799148,0.586944890315677
0.128413712957583,0.586944890315677
0.128413712957583,0.586409844836811
0.128220027116018,0.586409844836811
0.128026341274453,0.586409844836811
0.127832655432888,0.586409844836811
0.127638969591323,0.586409844836811
0.127638969591323,0.585874799357945
0.127638969591323,0.58533975387908
0.127445283749758,0.58533975387908
0.127251597908193,0.58533975387908
0.127057912066628,0.58533975387908
0.127057912066628,0.584804708400214
0.126864226225063,0.584804708400214
0.126670540383498,0.584804708400214
0.126476854541933,0.584804708400214
0.126283168700368,0.584804708400214
0.126283168700368,0.584269662921348
0.126283168700368,0.583734617442483
0.126283168700368,0.583199571963617
0.126089482858803,0.583199571963617
0.125895797017238,0.583199571963617
0.125895797017238,0.582664526484751
0.125702111175673,0.582664526484751
0.125508425334108,0.582664526484751
0.125314739492543,0.582664526484751
0.125121053650978,0.582664526484751
0.125121053650978,0.582129481005885
0.125121053650978,0.58159443552702
0.124927367809413,0.58159443552702
0.124927367809413,0.581059390048154
0.124733681967848,0.581059390048154
0.124733681967848,0.580524344569288
0.124539996126283,0.580524344569288
0.124346310284718,0.580524344569288
0.124346310284718,0.579989299090423
0.124152624443153,0.579989299090423
0.123958938601588,0.579989299090423
0.123958938601588,0.579454253611557
0.123765252760023,0.579454253611557
0.123765252760023,0.578919208132691
0.123765252760023,0.578384162653826
0.123571566918458,0.578384162653826
0.123571566918458,0.57784911717496
0.123377881076893,0.57784911717496
0.123184195235328,0.57784911717496
0.122990509393763,0.57784911717496
0.122796823552198,0.57784911717496
0.122603137710633,0.57784911717496
0.122603137710633,0.577314071696094
0.122603137710633,0.576779026217228
0.122409451869068,0.576779026217228
0.122215766027503,0.576779026217228
0.122215766027503,0.576243980738363
0.122215766027503,0.575708935259497
0.122215766027503,0.574638844301766
0.122022080185938,0.574638844301766
0.122022080185938,0.5741037988229
0.122022080185938,0.573568753344034
0.122022080185938,0.573033707865168
0.122022080185938,0.572498662386303
0.122022080185938,0.571963616907437
0.122022080185938,0.571428571428571
0.121828394344373,0.571428571428571
0.121828394344373,0.570893525949706
0.121634708502808,0.570893525949706
0.121441022661243,0.570893525949706
0.121441022661243,0.57035848047084
0.121441022661243,0.569823434991974
0.121247336819678,0.569823434991974
0.121247336819678,0.569288389513109
0.121247336819678,0.568753344034243
0.121053650978113,0.568753344034243
0.121053650978113,0.568218298555377
0.120666279294984,0.568218298555377
0.120472593453419,0.568218298555377
0.120278907611854,0.568218298555377
0.120085221770289,0.568218298555377
0.119891535928724,0.568218298555377
0.119697850087159,0.568218298555377
0.119310478404029,0.568218298555377
0.119116792562464,0.568218298555377
0.118923106720899,0.568218298555377
0.118729420879334,0.568218298555377
0.118535735037769,0.568218298555377
0.118535735037769,0.567683253076511
0.118342049196204,0.567683253076511
0.118148363354639,0.567683253076511
0.117954677513074,0.567683253076511
0.117760991671509,0.567683253076511
0.117567305829944,0.567683253076511
0.117373619988379,0.567683253076511
0.117179934146814,0.567683253076511
0.116986248305249,0.567683253076511
0.116986248305249,0.567148207597646
0.116792562463684,0.567148207597646
0.116792562463684,0.56661316211878
0.116792562463684,0.566078116639914
0.116598876622119,0.566078116639914
0.116598876622119,0.565543071161049
0.116405190780554,0.565543071161049
0.116405190780554,0.565008025682183
0.116405190780554,0.564472980203317
0.116211504938989,0.564472980203317
0.116211504938989,0.563937934724452
0.116211504938989,0.563402889245586
0.116017819097424,0.563402889245586
0.116017819097424,0.56286784376672
0.116017819097424,0.562332798287854
0.116017819097424,0.561797752808989
0.115824133255859,0.561797752808989
0.115630447414294,0.561797752808989
0.115436761572729,0.561797752808989
0.115436761572729,0.561262707330123
0.115243075731164,0.561262707330123
0.115243075731164,0.560727661851257
0.115243075731164,0.560192616372392
0.115049389889599,0.560192616372392
0.114855704048034,0.560192616372392
0.114855704048034,0.559657570893526
0.114662018206469,0.559657570893526
0.114468332364904,0.559657570893526
0.114274646523339,0.559657570893526
0.114274646523339,0.55912252541466
0.114274646523339,0.558587479935794
0.114080960681774,0.558587479935794
0.114080960681774,0.558052434456929
0.113887274840209,0.558052434456929
0.113887274840209,0.557517388978063
0.113693588998644,0.557517388978063
0.113499903157079,0.557517388978063
0.113306217315514,0.557517388978063
0.113112531473949,0.557517388978063
0.112918845632384,0.557517388978063
0.112725159790819,0.557517388978063
0.112531473949254,0.557517388978063
0.112531473949254,0.556982343499197
0.112531473949254,0.556447298020332
0.112531473949254,0.555912252541466
0.112531473949254,0.5553772070626
0.112531473949254,0.554842161583735
0.112531473949254,0.554307116104869
0.112531473949254,0.553237025147137
0.112531473949254,0.552701979668272
0.112531473949254,0.552166934189406
0.112337788107689,0.552166934189406
0.112337788107689,0.55163188871054
0.112144102266124,0.55163188871054
0.111950416424559,0.55163188871054
0.111950416424559,0.551096843231675
0.111950416424559,0.550561797752809
0.111756730582994,0.550561797752809
0.111756730582994,0.550026752273943
0.111756730582994,0.548421615837346
0.111563044741429,0.548421615837346
0.111563044741429,0.54788657035848
0.111563044741429,0.547351524879615
0.111369358899864,0.547351524879615
0.111369358899864,0.546816479400749
0.111175673058299,0.546816479400749
0.110981987216734,0.546816479400749
0.110788301375169,0.546816479400749
0.110594615533605,0.546816479400749
0.11040092969204,0.546816479400749
0.110207243850475,0.546816479400749
0.11001355800891,0.546816479400749
0.11001355800891,0.546281433921883
0.11001355800891,0.545746388443018
0.11001355800891,0.545211342964152
0.11001355800891,0.544676297485286
0.109819872167345,0.544676297485286
0.109819872167345,0.54414125200642
0.109432500484215,0.54414125200642
0.109432500484215,0.543606206527555
0.109432500484215,0.543071161048689
0.10923881464265,0.543071161048689
0.10923881464265,0.542536115569823
0.109045128801085,0.542536115569823
0.10885144295952,0.542536115569823
0.108657757117955,0.542536115569823
0.108657757117955,0.542001070090958
0.108657757117955,0.541466024612092
0.108657757117955,0.540930979133226
0.10846407127639,0.540930979133226
0.10846407127639,0.540395933654361
0.108270385434825,0.540395933654361
0.108270385434825,0.539860888175495
0.10807669959326,0.539860888175495
0.10807669959326,0.539325842696629
0.10807669959326,0.538790797217763
0.10807669959326,0.538255751738898
0.107883013751695,0.538255751738898
0.10768932791013,0.538255751738898
0.10768932791013,0.537720706260032
0.107495642068565,0.537720706260032
0.107495642068565,0.537185660781166
0.107495642068565,0.536650615302301
0.107495642068565,0.536115569823435
0.107495642068565,0.535580524344569
0.107301956227,0.535580524344569
0.107301956227,0.535045478865704
0.107301956227,0.534510433386838
0.107108270385435,0.534510433386838
0.10691458454387,0.534510433386838
0.106720898702305,0.534510433386838
0.106720898702305,0.533975387907972
0.106720898702305,0.533440342429106
0.106720898702305,0.532905296950241
0.10652721286074,0.532905296950241
0.106333527019175,0.532905296950241
0.106333527019175,0.532370251471375
0.10613984117761,0.532370251471375
0.10613984117761,0.531835205992509
0.105946155336045,0.531835205992509
0.105946155336045,0.531300160513644
0.10575246949448,0.531300160513644
0.105558783652915,0.531300160513644
0.105558783652915,0.530765115034778
0.105558783652915,0.530230069555912
0.10536509781135,0.530230069555912
0.10536509781135,0.529695024077046
0.105171411969785,0.529695024077046
0.10497772612822,0.529695024077046
0.104784040286655,0.529695024077046
0.10459035444509,0.529695024077046
0.104396668603525,0.529695024077046
0.10420298276196,0.529695024077046
0.104009296920395,0.529695024077046
0.10381561107883,0.529695024077046
0.103621925237265,0.529695024077046
0.1034282393957,0.529695024077046
0.1034282393957,0.529159978598181
0.1034282393957,0.528624933119315
0.103234553554135,0.528624933119315
0.103234553554135,0.528089887640449
0.10304086771257,0.528089887640449
0.102847181871005,0.528089887640449
0.102847181871005,0.527554842161584
0.10265349602944,0.527554842161584
0.10265349602944,0.527019796682718
0.10265349602944,0.526484751203852
0.10265349602944,0.525949705724987
0.102459810187875,0.525949705724987
0.10226612434631,0.525949705724987
0.102072438504745,0.525949705724987
0.102072438504745,0.525414660246121
0.102072438504745,0.524879614767255
0.10187875266318,0.524879614767255
0.101685066821615,0.524879614767255
0.10149138098005,0.524879614767255
0.101297695138485,0.524879614767255
0.101297695138485,0.524344569288389
0.101297695138485,0.523809523809524
0.10110400929692,0.523809523809524
0.10110400929692,0.523274478330658
0.10110400929692,0.522739432851792
0.10110400929692,0.522204387372927
0.100910323455355,0.522204387372927
0.10071663761379,0.522204387372927
0.100522951772225,0.522204387372927
0.100522951772225,0.521669341894061
0.10032926593066,0.521669341894061
0.10032926593066,0.521134296415195
0.10032926593066,0.52059925093633
0.100135580089096,0.52059925093633
0.100135580089096,0.520064205457464
0.0999418942475305,0.520064205457464
0.0999418942475305,0.519529159978598
0.0999418942475305,0.518994114499732
0.0997482084059655,0.518994114499732
0.0997482084059655,0.518459069020867
0.0995545225644006,0.518459069020867
0.0993608367228356,0.518459069020867
0.0993608367228356,0.517924023542001
0.0993608367228356,0.517388978063135
0.0993608367228356,0.51685393258427
0.0991671508812706,0.51685393258427
0.0991671508812706,0.516318887105404
0.0991671508812706,0.515783841626538
0.0991671508812706,0.515248796147673
0.0991671508812706,0.514713750668807
0.0991671508812706,0.514178705189941
0.0991671508812706,0.513643659711075
0.0991671508812706,0.51310861423221
0.0991671508812706,0.512573568753344
0.0991671508812706,0.512038523274478
0.0989734650397056,0.512038523274478
0.0987797791981406,0.512038523274478
0.0987797791981406,0.511503477795613
0.0987797791981406,0.510968432316747
0.0985860933565756,0.510968432316747
0.0985860933565756,0.510433386837881
0.0985860933565756,0.509898341359015
0.0985860933565756,0.50936329588015
0.0983924075150107,0.50936329588015
0.0981987216734457,0.50936329588015
0.0981987216734457,0.508828250401284
0.0981987216734457,0.508293204922418
0.0980050358318807,0.508293204922418
0.0980050358318807,0.507758159443553
0.0980050358318807,0.507223113964687
0.0980050358318807,0.506688068485821
0.0978113499903157,0.506688068485821
0.0976176641487507,0.506688068485821
0.0974239783071857,0.506688068485821
0.0972302924656208,0.506688068485821
0.0970366066240558,0.506688068485821
0.0968429207824908,0.506688068485821
0.0968429207824908,0.506153023006956
0.0968429207824908,0.50561797752809
0.0968429207824908,0.505082932049224
0.0968429207824908,0.504547886570358
0.0966492349409258,0.504547886570358
0.0966492349409258,0.504012841091493
0.0966492349409258,0.503477795612627
0.0966492349409258,0.502942750133761
0.0966492349409258,0.502407704654896
0.0964555490993608,0.502407704654896
0.0962618632577958,0.502407704654896
0.0960681774162309,0.502407704654896
0.0960681774162309,0.50187265917603
0.0958744915746659,0.50187265917603
0.0958744915746659,0.501337613697164
0.0958744915746659,0.500802568218299
0.0956808057331009,0.500802568218299
0.0954871198915359,0.500802568218299
0.0954871198915359,0.500267522739433
0.0952934340499709,0.500267522739433
0.0952934340499709,0.499732477260567
0.0952934340499709,0.499197431781701
0.0950997482084059,0.499197431781701
0.0950997482084059,0.498662386302836
0.094906062366841,0.498662386302836
0.094712376525276,0.498662386302836
0.094518690683711,0.498662386302836
0.094325004842146,0.498662386302836
0.094325004842146,0.49812734082397
0.094131319000581,0.49812734082397
0.093937633159016,0.49812734082397
0.0937439473174511,0.49812734082397
0.0937439473174511,0.497592295345104
0.0937439473174511,0.497057249866239
0.0937439473174511,0.496522204387373
0.0937439473174511,0.495987158908507
0.0935502614758861,0.495987158908507
0.0935502614758861,0.495452113429642
0.0933565756343211,0.495452113429642
0.0933565756343211,0.494917067950776
0.0933565756343211,0.49438202247191
0.0931628897927561,0.49438202247191
0.0931628897927561,0.493846976993044
0.0929692039511911,0.493846976993044
0.0929692039511911,0.493311931514179
0.0927755181096261,0.493311931514179
0.0925818322680612,0.493311931514179
0.0923881464264962,0.493311931514179
0.0923881464264962,0.492776886035313
0.0921944605849312,0.492776886035313
0.0921944605849312,0.492241840556447
0.0920007747433662,0.492241840556447
0.0920007747433662,0.491706795077582
0.0920007747433662,0.491171749598716
0.0918070889018012,0.491171749598716
0.0918070889018012,0.49063670411985
0.0918070889018012,0.490101658640984
0.0918070889018012,0.489566613162119
0.0916134030602362,0.489566613162119
0.0916134030602362,0.489031567683253
0.0914197172186714,0.489031567683253
0.0912260313771064,0.489031567683253
0.0910323455355414,0.489031567683253
0.0908386596939764,0.489031567683253
0.0908386596939764,0.488496522204387
0.0908386596939764,0.487961476725522
0.0906449738524114,0.487961476725522
0.0906449738524114,0.487426431246656
0.0906449738524114,0.48689138576779
0.0906449738524114,0.486356340288925
0.0906449738524114,0.485821294810059
0.0904512880108465,0.485821294810059
0.0902576021692815,0.485821294810059
0.0902576021692815,0.485286249331193
0.0900639163277165,0.485286249331193
0.0898702304861515,0.485286249331193
0.0896765446445865,0.485286249331193
0.0896765446445865,0.484751203852327
0.0896765446445865,0.484216158373462
0.0894828588030215,0.484216158373462
0.0892891729614566,0.484216158373462
0.0892891729614566,0.483681112894596
0.0892891729614566,0.48314606741573
0.0892891729614566,0.482611021936865
0.0892891729614566,0.482075976457999
0.0892891729614566,0.481540930979133
0.0892891729614566,0.481005885500268
0.0890954871198916,0.481005885500268
0.0889018012783266,0.481005885500268
0.0887081154367616,0.481005885500268
0.0885144295951966,0.481005885500268
0.0883207437536316,0.481005885500268
0.0881270579120667,0.481005885500268
0.0879333720705017,0.481005885500268
0.0879333720705017,0.480470840021402
0.0877396862289367,0.480470840021402
0.0875460003873717,0.480470840021402
0.0875460003873717,0.479935794542536
0.0875460003873717,0.47940074906367
0.0873523145458067,0.47940074906367
0.0873523145458067,0.478865703584805
0.0871586287042417,0.478865703584805
0.0869649428626768,0.478865703584805
0.0867712570211118,0.478865703584805
0.0865775711795468,0.478865703584805
0.0865775711795468,0.478330658105939
0.0865775711795468,0.477795612627073
0.0863838853379818,0.477795612627073
0.0861901994964168,0.477795612627073
0.0861901994964168,0.477260567148208
0.0859965136548518,0.477260567148208
0.0858028278132869,0.477260567148208
0.0858028278132869,0.476725521669342
0.0858028278132869,0.476190476190476
0.0856091419717219,0.476190476190476
0.0854154561301569,0.476190476190476
0.0854154561301569,0.47565543071161
0.0854154561301569,0.475120385232745
0.0854154561301569,0.474585339753879
0.0854154561301569,0.474050294275013
0.0852217702885919,0.474050294275013
0.0852217702885919,0.473515248796148
0.0852217702885919,0.472980203317282
0.0850280844470269,0.472980203317282
0.0850280844470269,0.472445157838416
0.0848343986054619,0.472445157838416
0.0848343986054619,0.471910112359551
0.0848343986054619,0.471375066880685
0.0848343986054619,0.470840021401819
0.084640712763897,0.470840021401819
0.084447026922332,0.470840021401819
0.084447026922332,0.470304975922953
0.084447026922332,0.469769930444088
0.084447026922332,0.469234884965222
0.084253341080767,0.469234884965222
0.084253341080767,0.468699839486356
0.084253341080767,0.468164794007491
0.084059655239202,0.468164794007491
0.084059655239202,0.467629748528625
0.084059655239202,0.467094703049759
0.084059655239202,0.466559657570894
0.084059655239202,0.466024612092028
0.084059655239202,0.465489566613162
0.083865969397637,0.465489566613162
0.083672283556072,0.465489566613162
0.0834785977145071,0.465489566613162
0.0834785977145071,0.464954521134296
0.0832849118729421,0.464954521134296
0.0830912260313771,0.464954521134296
0.0828975401898121,0.464954521134296
0.0827038543482471,0.464954521134296
0.0825101685066821,0.464954521134296
0.0823164826651172,0.464954521134296
0.0823164826651172,0.464419475655431
0.0823164826651172,0.463884430176565
0.0823164826651172,0.463349384697699
0.0821227968235522,0.463349384697699
0.0819291109819872,0.463349384697699
0.0817354251404222,0.463349384697699
0.0815417392988572,0.463349384697699
0.0815417392988572,0.462814339218834
0.0813480534572922,0.462814339218834
0.0813480534572922,0.462279293739968
0.0813480534572922,0.461744248261102
0.0813480534572922,0.461209202782236
0.0813480534572922,0.460674157303371
0.0813480534572922,0.460139111824505
0.0811543676157273,0.460139111824505
0.0811543676157273,0.459604066345639
0.0811543676157273,0.459069020866774
0.0809606817741623,0.459069020866774
0.0807669959325973,0.459069020866774
0.0807669959325973,0.458533975387908
0.0807669959325973,0.457998929909042
0.0805733100910323,0.457998929909042
0.0805733100910323,0.457463884430177
0.0803796242494673,0.457463884430177
0.0803796242494673,0.456928838951311
0.0803796242494673,0.456393793472445
0.0803796242494673,0.455858747993579
0.0801859384079023,0.455858747993579
0.0799922525663374,0.455858747993579
0.0797985667247724,0.455858747993579
0.0796048808832074,0.455858747993579
0.0796048808832074,0.455323702514714
0.0794111950416424,0.455323702514714
0.0794111950416424,0.454788657035848
0.0794111950416424,0.454253611556982
0.0792175092000775,0.454253611556982
0.0792175092000775,0.453718566078117
0.0790238233585125,0.453718566078117
0.0790238233585125,0.453183520599251
0.0788301375169476,0.453183520599251
0.0786364516753826,0.453183520599251
0.0784427658338176,0.453183520599251
0.0784427658338176,0.452648475120385
0.0784427658338176,0.45211342964152
0.0784427658338176,0.451578384162654
0.0784427658338176,0.451043338683788
0.0784427658338176,0.450508293204922
0.0784427658338176,0.449973247726057
0.0784427658338176,0.449438202247191
0.0784427658338176,0.448903156768325
0.0782490799922526,0.448903156768325
0.0782490799922526,0.44836811128946
0.0782490799922526,0.447833065810594
0.0782490799922526,0.447298020331728
0.0782490799922526,0.446762974852862
0.0782490799922526,0.446227929373997
0.0780553941506876,0.446227929373997
0.0780553941506876,0.445692883895131
0.0780553941506876,0.445157838416265
0.0780553941506876,0.4446227929374
0.0780553941506876,0.444087747458534
0.0780553941506876,0.443552701979668
0.0778617083091226,0.443552701979668
0.0778617083091226,0.443017656500803
0.0778617083091226,0.442482611021937
0.0778617083091226,0.441947565543071
0.0776680224675577,0.441947565543071
0.0774743366259927,0.441947565543071
0.0772806507844277,0.441947565543071
0.0772806507844277,0.441412520064205
0.0772806507844277,0.44087747458534
0.0770869649428627,0.44087747458534
0.0768932791012977,0.44087747458534
0.0768932791012977,0.440342429106474
0.0766995932597327,0.440342429106474
0.0765059074181678,0.440342429106474
0.0765059074181678,0.439807383627608
0.0763122215766028,0.439807383627608
0.0763122215766028,0.439272338148743
0.0763122215766028,0.438737292669877
0.0763122215766028,0.438202247191011
0.0763122215766028,0.437667201712146
0.0763122215766028,0.43713215623328
0.0761185357350378,0.43713215623328
0.0759248498934728,0.43713215623328
0.0757311640519078,0.43713215623328
0.0755374782103428,0.43713215623328
0.0755374782103428,0.436597110754414
0.0755374782103428,0.436062065275548
0.0755374782103428,0.435527019796683
0.0755374782103428,0.434991974317817
0.0755374782103428,0.434456928838951
0.0755374782103428,0.433921883360086
0.0753437923687779,0.433921883360086
0.0753437923687779,0.43338683788122
0.0751501065272129,0.43338683788122
0.0749564206856479,0.43338683788122
0.0749564206856479,0.432851792402354
0.0747627348440829,0.432851792402354
0.0745690490025179,0.432851792402354
0.0745690490025179,0.432316746923488
0.0745690490025179,0.431781701444623
0.0743753631609529,0.431781701444623
0.074181677319388,0.431781701444623
0.074181677319388,0.431246655965757
0.074181677319388,0.430711610486891
0.073987991477823,0.430711610486891
0.073987991477823,0.430176565008026
0.073987991477823,0.42964151952916
0.073987991477823,0.429106474050294
0.073987991477823,0.428571428571429
0.073794305636258,0.428571428571429
0.073600619794693,0.428571428571429
0.073406933953128,0.428571428571429
0.073406933953128,0.428036383092563
0.073213248111563,0.428036383092563
0.073213248111563,0.427501337613697
0.0730195622699981,0.427501337613697
0.0728258764284331,0.427501337613697
0.0726321905868681,0.427501337613697
0.0726321905868681,0.426966292134831
0.0724385047453031,0.426966292134831
0.0724385047453031,0.426431246655966
0.0724385047453031,0.4258962011771
0.0722448189037381,0.4258962011771
0.0720511330621731,0.4258962011771
0.0720511330621731,0.425361155698234
0.0718574472206082,0.425361155698234
0.0718574472206082,0.424826110219369
0.0718574472206082,0.424291064740503
0.0716637613790432,0.424291064740503
0.0716637613790432,0.423756019261637
0.0716637613790432,0.423220973782772
0.0716637613790432,0.422685928303906
0.0714700755374782,0.422685928303906
0.0714700755374782,0.42215088282504
0.0712763896959132,0.42215088282504
0.0710827038543482,0.42215088282504
0.0710827038543482,0.421615837346174
0.0710827038543482,0.421080791867309
0.0710827038543482,0.420545746388443
0.0708890180127832,0.420545746388443
0.0706953321712183,0.420545746388443
0.0705016463296533,0.420545746388443
0.0705016463296533,0.420010700909577
0.0705016463296533,0.419475655430712
0.0703079604880883,0.419475655430712
0.0701142746465233,0.419475655430712
0.0701142746465233,0.418940609951846
0.0701142746465233,0.41840556447298
0.0701142746465233,0.417870518994114
0.0699205888049583,0.417870518994114
0.0697269029633933,0.417870518994114
0.0697269029633933,0.417335473515249
0.0697269029633933,0.416800428036383
0.0695332171218284,0.416800428036383
0.0695332171218284,0.416265382557517
0.0693395312802634,0.416265382557517
0.0691458454386984,0.416265382557517
0.0691458454386984,0.415730337078652
0.0689521595971334,0.415730337078652
0.0689521595971334,0.415195291599786
0.0689521595971334,0.41466024612092
0.0689521595971334,0.414125200642055
0.0687584737555684,0.414125200642055
0.0687584737555684,0.413590155163189
0.0687584737555684,0.413055109684323
0.0685647879140034,0.413055109684323
0.0683711020724385,0.413055109684323
0.0683711020724385,0.412520064205457
0.0683711020724385,0.411985018726592
0.0681774162308735,0.411985018726592
0.0681774162308735,0.411449973247726
0.0681774162308735,0.41091492776886
0.0681774162308735,0.410379882289995
0.0681774162308735,0.409844836811129
0.0681774162308735,0.409309791332263
0.0679837303893085,0.409309791332263
0.0679837303893085,0.408774745853398
0.0679837303893085,0.408239700374532
0.0679837303893085,0.407704654895666
0.0679837303893085,0.4071696094168
0.0677900445477435,0.4071696094168
0.0677900445477435,0.406634563937935
0.0677900445477435,0.406099518459069
0.0675963587061785,0.406099518459069
0.0675963587061785,0.405564472980203
0.0675963587061785,0.405029427501338
0.0674026728646135,0.405029427501338
0.0672089870230486,0.405029427501338
0.0670153011814837,0.405029427501338
0.0670153011814837,0.404494382022472
0.0670153011814837,0.403959336543606
0.0670153011814837,0.40342429106474
0.0668216153399187,0.40342429106474
0.0666279294983537,0.40342429106474
0.0666279294983537,0.402889245585875
0.0666279294983537,0.402354200107009
0.0664342436567887,0.402354200107009
0.0664342436567887,0.401819154628143
0.0664342436567887,0.401284109149278
0.0662405578152238,0.401284109149278
0.0662405578152238,0.400749063670412
0.0662405578152238,0.400214018191546
0.0660468719736588,0.400214018191546
0.0658531861320938,0.400214018191546
0.0658531861320938,0.399678972712681
0.0656595002905288,0.399678972712681
0.0656595002905288,0.399143927233815
0.0654658144489638,0.399143927233815
0.0654658144489638,0.398608881754949
0.0652721286073988,0.398608881754949
0.0652721286073988,0.398073836276083
0.0652721286073988,0.397538790797218
0.0650784427658339,0.397538790797218
0.0648847569242689,0.397538790797218
0.0648847569242689,0.397003745318352
0.0648847569242689,0.396468699839486
0.0648847569242689,0.395933654360621
0.0648847569242689,0.395398608881755
0.0648847569242689,0.394863563402889
0.0648847569242689,0.394328517924024
0.0646910710827039,0.394328517924024
0.0644973852411389,0.394328517924024
0.0643036993995739,0.394328517924024
0.0643036993995739,0.393793472445158
0.0641100135580089,0.393793472445158
0.0641100135580089,0.393258426966292
0.063916327716444,0.393258426966292
0.063916327716444,0.392723381487426
0.063722641874879,0.392723381487426
0.063722641874879,0.392188336008561
0.063528956033314,0.392188336008561
0.063528956033314,0.391653290529695
0.063335270191749,0.391653290529695
0.063335270191749,0.391118245050829
0.063335270191749,0.390583199571964
0.063335270191749,0.390048154093098
0.063335270191749,0.389513108614232
0.063141584350184,0.389513108614232
0.063141584350184,0.388978063135366
0.063141584350184,0.388443017656501
0.063141584350184,0.387907972177635
0.063141584350184,0.387372926698769
0.063141584350184,0.386837881219904
0.063141584350184,0.386302835741038
0.063141584350184,0.385767790262172
0.063141584350184,0.385232744783307
0.063141584350184,0.384697699304441
0.063141584350184,0.384162653825575
0.063141584350184,0.383627608346709
0.063141584350184,0.383092562867844
0.062947898508619,0.383092562867844
0.0627542126670541,0.383092562867844
0.0627542126670541,0.382557517388978
0.0627542126670541,0.382022471910112
0.0625605268254891,0.382022471910112
0.0623668409839241,0.382022471910112
0.0621731551423591,0.382022471910112
0.0621731551423591,0.381487426431247
0.0621731551423591,0.380952380952381
0.0619794693007941,0.380952380952381
0.0619794693007941,0.380417335473515
0.0619794693007941,0.37988228999465
0.0619794693007941,0.379347244515784
0.0619794693007941,0.378812199036918
0.0619794693007941,0.378277153558052
0.0617857834592291,0.378277153558052
0.0617857834592291,0.377742108079187
0.0615920976176642,0.377742108079187
0.0613984117760992,0.377742108079187
0.0613984117760992,0.377207062600321
0.0613984117760992,0.376672017121455
0.0612047259345342,0.376672017121455
0.0610110400929692,0.376672017121455
0.0608173542514042,0.376672017121455
0.0608173542514042,0.37613697164259
0.0606236684098392,0.37613697164259
0.0606236684098392,0.375601926163724
0.0606236684098392,0.375066880684858
0.0606236684098392,0.374531835205993
0.0606236684098392,0.373996789727127
0.0604299825682743,0.373996789727127
0.0604299825682743,0.373461744248261
0.0602362967267093,0.373461744248261
0.0602362967267093,0.372926698769395
0.0602362967267093,0.37239165329053
0.0600426108851443,0.37239165329053
0.0600426108851443,0.371856607811664
0.0598489250435793,0.371856607811664
0.0596552392020143,0.371856607811664
0.0596552392020143,0.371321562332798
0.0594615533604493,0.371321562332798
0.0592678675188844,0.371321562332798
0.0592678675188844,0.370786516853933
0.0590741816773194,0.370786516853933
0.0588804958357544,0.370786516853933
0.0588804958357544,0.370251471375067
0.0588804958357544,0.369716425896201
0.0588804958357544,0.369181380417335
0.0588804958357544,0.36864633493847
0.0586868099941894,0.36864633493847
0.0586868099941894,0.368111289459604
0.0586868099941894,0.367576243980738
0.0586868099941894,0.367041198501873
0.0586868099941894,0.366506153023007
0.0584931241526244,0.366506153023007
0.0582994383110594,0.366506153023007
0.0582994383110594,0.365971107544141
0.0581057524694945,0.365971107544141
0.0579120666279295,0.365971107544141
0.0577183807863645,0.365971107544141
0.0575246949447995,0.365971107544141
0.0573310091032345,0.365971107544141
0.0573310091032345,0.365436062065276
0.0571373232616695,0.365436062065276
0.0569436374201046,0.365436062065276
0.0567499515785396,0.365436062065276
0.0565562657369746,0.365436062065276
0.0563625798954096,0.365436062065276
0.0561688940538446,0.365436062065276
0.0561688940538446,0.36490101658641
0.0559752082122796,0.36490101658641
0.0557815223707147,0.36490101658641
0.0557815223707147,0.364365971107544
0.0555878365291497,0.364365971107544
0.0555878365291497,0.363830925628678
0.0553941506875847,0.363830925628678
0.0553941506875847,0.363295880149813
0.0552004648460197,0.363295880149813
0.0550067790044547,0.363295880149813
0.0550067790044547,0.362760834670947
0.0550067790044547,0.362225789192081
0.0548130931628898,0.362225789192081
0.0546194073213249,0.362225789192081
0.0546194073213249,0.361690743713216
0.0546194073213249,0.36115569823435
0.0546194073213249,0.360620652755484
0.0546194073213249,0.360085607276619
0.0544257214797599,0.360085607276619
0.0542320356381949,0.360085607276619
0.0540383497966299,0.360085607276619
0.0540383497966299,0.359550561797753
0.0538446639550649,0.359550561797753
0.0538446639550649,0.359015516318887
0.0538446639550649,0.358480470840021
0.0538446639550649,0.357945425361156
0.0536509781134999,0.357945425361156
0.0536509781134999,0.35741037988229
0.0536509781134999,0.356875334403424
0.053457292271935,0.356875334403424
0.05326360643037,0.356875334403424
0.053069920588805,0.355805243445693
0.053069920588805,0.355270197966827
0.053069920588805,0.354735152487962
0.05287623474724,0.354200107009096
0.052682548905675,0.354200107009096
0.052682548905675,0.35366506153023
0.052682548905675,0.353130016051364
0.05248886306411,0.353130016051364
0.0522951772225451,0.353130016051364
0.0521014913809801,0.353130016051364
0.0521014913809801,0.352594970572499
0.0521014913809801,0.352059925093633
0.0521014913809801,0.351524879614767
0.0521014913809801,0.350989834135902
0.0521014913809801,0.350454788657036
0.0521014913809801,0.34991974317817
0.0519078055394151,0.34991974317817
0.0517141196978501,0.34991974317817
0.0517141196978501,0.349384697699304
0.0517141196978501,0.348849652220439
0.0517141196978501,0.348314606741573
0.0517141196978501,0.347779561262707
0.0517141196978501,0.347244515783842
0.0515204338562851,0.347244515783842
0.0513267480147201,0.347244515783842
0.0513267480147201,0.346709470304976
0.0513267480147201,0.34617442482611
0.0511330621731552,0.34617442482611
0.0511330621731552,0.345639379347245
0.0511330621731552,0.345104333868379
0.0511330621731552,0.344569288389513
0.0509393763315902,0.344569288389513
0.0509393763315902,0.344034242910647
0.0507456904900252,0.344034242910647
0.0507456904900252,0.343499197431782
0.0507456904900252,0.342964151952916
0.0507456904900252,0.34242910647405
0.0507456904900252,0.341894060995185
0.0505520046484602,0.341894060995185
0.0505520046484602,0.341359015516319
0.0505520046484602,0.340823970037453
0.0503583188068952,0.340823970037453
0.0503583188068952,0.340288924558588
0.0503583188068952,0.339753879079722
0.0501646329653302,0.339753879079722
0.0499709471237653,0.339753879079722
0.0499709471237653,0.339218833600856
0.0499709471237653,0.33868378812199
0.0497772612822003,0.33868378812199
0.0497772612822003,0.338148742643125
0.0495835754406353,0.338148742643125
0.0495835754406353,0.337613697164259
0.0493898895990703,0.337078651685393
0.0491962037575053,0.337078651685393
0.0491962037575053,0.336543606206528
0.0491962037575053,0.336008560727662
0.0491962037575053,0.335473515248796
0.0490025179159403,0.335473515248796
0.0490025179159403,0.33493846976993
0.0488088320743754,0.33493846976993
0.0486151462328104,0.33493846976993
0.0486151462328104,0.334403424291065
0.0484214603912454,0.333868378812199
0.0482277745496804,0.333868378812199
0.0482277745496804,0.333333333333333
0.0482277745496804,0.332798287854468
0.0482277745496804,0.332263242375602
0.0480340887081154,0.332263242375602
0.0480340887081154,0.331728196896736
0.0480340887081154,0.331193151417871
0.0480340887081154,0.330658105939005
0.0480340887081154,0.330123060460139
0.0480340887081154,0.329052969502408
0.0480340887081154,0.328517924023542
0.0480340887081154,0.327982878544676
0.0480340887081154,0.327447833065811
0.0478404028665504,0.327447833065811
0.0476467170249855,0.326912787586945
0.0476467170249855,0.326377742108079
0.0476467170249855,0.325842696629214
0.0476467170249855,0.325307651150348
0.0476467170249855,0.324772605671482
0.0474530311834205,0.324772605671482
0.0474530311834205,0.324237560192616
0.0474530311834205,0.323702514713751
0.0474530311834205,0.323167469234885
0.0472593453418555,0.323167469234885
0.0470656595002905,0.323167469234885
0.0468719736587255,0.323167469234885
0.0468719736587255,0.322632423756019
0.0468719736587255,0.322097378277154
0.0468719736587255,0.321562332798288
0.0468719736587255,0.321027287319422
0.0468719736587255,0.320492241840556
0.0468719736587255,0.319957196361691
0.0466782878171605,0.319957196361691
0.0466782878171605,0.318887105403959
0.0466782878171605,0.318352059925094
0.0466782878171605,0.317817014446228
0.0466782878171605,0.317281968967362
0.0464846019755956,0.317281968967362
0.0464846019755956,0.316746923488497
0.0464846019755956,0.316211878009631
0.0464846019755956,0.315676832530765
0.0464846019755956,0.315141787051899
0.0462909161340306,0.315141787051899
0.0462909161340306,0.314606741573034
0.0462909161340306,0.314071696094168
0.0460972302924656,0.314071696094168
0.0459035444509006,0.314071696094168
0.0459035444509006,0.313536650615302
0.0459035444509006,0.313001605136437
0.0459035444509006,0.312466559657571
0.0457098586093356,0.312466559657571
0.0455161727677706,0.312466559657571
0.0455161727677706,0.311931514178705
0.0453224869262057,0.311931514178705
0.0453224869262057,0.31139646869984
0.0451288010846407,0.31139646869984
0.0451288010846407,0.310861423220974
0.0451288010846407,0.310326377742108
0.0451288010846407,0.309791332263242
0.0451288010846407,0.309256286784377
0.0449351152430757,0.309256286784377
0.0447414294015107,0.309256286784377
0.0447414294015107,0.308721241305511
0.0447414294015107,0.308186195826645
0.0447414294015107,0.30765115034778
0.0445477435599457,0.30765115034778
0.0445477435599457,0.307116104868914
0.0445477435599457,0.306581059390048
0.0445477435599457,0.306046013911182
0.0443540577183807,0.306046013911182
0.0441603718768158,0.306046013911182
0.0441603718768158,0.305510968432317
0.0441603718768158,0.304975922953451
0.0441603718768158,0.304440877474585
0.0441603718768158,0.30390583199572
0.0439666860352508,0.30390583199572
0.0439666860352508,0.303370786516854
0.0439666860352508,0.302835741037988
0.0437730001936858,0.302835741037988
0.0437730001936858,0.302300695559123
0.0437730001936858,0.301765650080257
0.0437730001936858,0.301230604601391
0.0437730001936858,0.300695559122525
0.0437730001936858,0.30016051364366
0.0435793143521208,0.30016051364366
0.0435793143521208,0.299625468164794
0.0435793143521208,0.299090422685928
0.0435793143521208,0.298555377207063
0.0435793143521208,0.298020331728197
0.0435793143521208,0.297485286249331
0.0433856285105558,0.297485286249331
0.0433856285105558,0.296950240770466
0.0431919426689908,0.296950240770466
0.0431919426689908,0.2964151952916
0.0429982568274259,0.2964151952916
0.0429982568274259,0.295880149812734
0.0429982568274259,0.295345104333868
0.0429982568274259,0.294810058855003
0.0429982568274259,0.294275013376137
0.0428045709858609,0.294275013376137
0.042610885144296,0.294275013376137
0.042610885144296,0.293739967897271
0.042417199302731,0.293739967897271
0.042417199302731,0.293204922418406
0.042417199302731,0.29266987693954
0.042417199302731,0.292134831460674
0.042417199302731,0.291599785981808
0.042223513461166,0.291599785981808
0.0420298276196011,0.291599785981808
0.0420298276196011,0.291064740502943
0.0420298276196011,0.290529695024077
0.0420298276196011,0.289994649545211
0.0418361417780361,0.289994649545211
0.0416424559364711,0.289994649545211
0.0416424559364711,0.289459604066346
0.0414487700949061,0.289459604066346
0.0414487700949061,0.28892455858748
0.0412550842533411,0.28892455858748
0.0410613984117761,0.28892455858748
0.0410613984117761,0.288389513108614
0.0410613984117761,0.287854467629749
0.0410613984117761,0.287319422150883
0.0408677125702112,0.287319422150883
0.0406740267286462,0.287319422150883
0.0406740267286462,0.286784376672017
0.0406740267286462,0.286249331193151
0.0404803408870812,0.286249331193151
0.0404803408870812,0.285714285714286
0.0404803408870812,0.28517924023542
0.0402866550455162,0.28517924023542
0.0402866550455162,0.284644194756554
0.0402866550455162,0.284109149277689
0.0400929692039512,0.284109149277689
0.0400929692039512,0.283574103798823
0.0400929692039512,0.283039058319957
0.0398992833623862,0.283039058319957
0.0397055975208213,0.283039058319957
0.0395119116792563,0.283039058319957
0.0393182258376913,0.283039058319957
0.0391245399961263,0.283039058319957
0.0391245399961263,0.282504012841092
0.0391245399961263,0.281968967362226
0.0391245399961263,0.28143392188336
0.0391245399961263,0.280898876404494
0.0391245399961263,0.280363830925629
0.0391245399961263,0.279828785446763
0.0391245399961263,0.279293739967897
0.0391245399961263,0.278758694489032
0.0389308541545613,0.278758694489032
0.0389308541545613,0.278223649010166
0.0389308541545613,0.2776886035313
0.0389308541545613,0.277153558052434
0.0387371683129963,0.277153558052434
0.0385434824714314,0.277153558052434
0.0385434824714314,0.276618512573569
0.0385434824714314,0.276083467094703
0.0385434824714314,0.275548421615837
0.0383497966298664,0.275548421615837
0.0383497966298664,0.275013376136972
0.0381561107883014,0.275013376136972
0.0381561107883014,0.274478330658106
0.0381561107883014,0.27394328517924
0.0379624249467364,0.27394328517924
0.0377687391051714,0.27394328517924
0.0375750532636064,0.27394328517924
0.0373813674220415,0.27394328517924
0.0373813674220415,0.273408239700375
0.0371876815804765,0.273408239700375
0.0369939957389115,0.273408239700375
0.0368003098973465,0.273408239700375
0.0366066240557815,0.273408239700375
0.0366066240557815,0.272873194221509
0.0364129382142165,0.272873194221509
0.0364129382142165,0.272338148742643
0.0364129382142165,0.271803103263777
0.0364129382142165,0.271268057784912
0.0362192523726516,0.271268057784912
0.0362192523726516,0.270733012306046
0.0362192523726516,0.27019796682718
0.0362192523726516,0.269662921348315
0.0362192523726516,0.269127875869449
0.0360255665310866,0.269127875869449
0.0360255665310866,0.268592830390583
0.0360255665310866,0.268057784911718
0.0358318806895216,0.268057784911718
0.0356381948479566,0.268057784911718
0.0354445090063916,0.268057784911718
0.0352508231648266,0.268057784911718
0.0352508231648266,0.267522739432852
0.0350571373232617,0.267522739432852
0.0350571373232617,0.266987693953986
0.0350571373232617,0.26645264847512
0.0350571373232617,0.265917602996255
0.0348634514816967,0.265917602996255
0.0346697656401317,0.265917602996255
0.0344760797985667,0.265917602996255
0.0344760797985667,0.265382557517389
0.0342823939570017,0.265382557517389
0.0342823939570017,0.264847512038523
0.0342823939570017,0.264312466559658
0.0340887081154367,0.264312466559658
0.0338950222738718,0.264312466559658
0.0337013364323068,0.264312466559658
0.0335076505907418,0.264312466559658
0.0335076505907418,0.263777421080792
0.0333139647491768,0.263777421080792
0.0333139647491768,0.263242375601926
0.0331202789076118,0.263242375601926
0.0329265930660468,0.263242375601926
0.0329265930660468,0.26270733012306
0.0329265930660468,0.262172284644195
0.0329265930660468,0.261637239165329
0.0329265930660468,0.261102193686463
0.0329265930660468,0.260567148207598
0.0327329072244819,0.260567148207598
0.0325392213829169,0.260567148207598
0.0325392213829169,0.260032102728732
0.0325392213829169,0.259497057249866
0.0325392213829169,0.258962011771001
0.0325392213829169,0.258426966292135
0.0325392213829169,0.257891920813269
0.0325392213829169,0.257356875334403
0.0323455355413519,0.257356875334403
0.0323455355413519,0.256821829855538
0.0323455355413519,0.256286784376672
0.0321518496997869,0.256286784376672
0.0321518496997869,0.255751738897806
0.0321518496997869,0.255216693418941
0.0319581638582219,0.255216693418941
0.0319581638582219,0.254681647940075
0.0319581638582219,0.254146602461209
0.0319581638582219,0.253611556982344
0.0317644780166569,0.253611556982344
0.0317644780166569,0.253076511503478
0.0317644780166569,0.252541466024612
0.0317644780166569,0.252006420545746
0.0317644780166569,0.251471375066881
0.0317644780166569,0.250936329588015
0.0317644780166569,0.250401284109149
0.0317644780166569,0.249866238630284
0.0317644780166569,0.249331193151418
0.0317644780166569,0.248796147672552
0.0317644780166569,0.248261102193686
0.0317644780166569,0.247726056714821
0.0317644780166569,0.247191011235955
0.031570792175092,0.247191011235955
0.031570792175092,0.246655965757089
0.031570792175092,0.246120920278224
0.031570792175092,0.245585874799358
0.031570792175092,0.245050829320492
0.031570792175092,0.244515783841627
0.031377106333527,0.244515783841627
0.031183420491962,0.244515783841627
0.031183420491962,0.243980738362761
0.031183420491962,0.243445692883895
0.031183420491962,0.242910647405029
0.030989734650397,0.242910647405029
0.030989734650397,0.242375601926164
0.030796048808832,0.242375601926164
0.030796048808832,0.241840556447298
0.030796048808832,0.241305510968432
0.030602362967267,0.241305510968432
0.030602362967267,0.240770465489567
0.030602362967267,0.240235420010701
0.0304086771257022,0.240235420010701
0.0302149912841372,0.240235420010701
0.0300213054425722,0.240235420010701
0.0300213054425722,0.239700374531835
0.0300213054425722,0.239165329052969
0.0298276196010072,0.239165329052969
0.0296339337594422,0.239165329052969
0.0296339337594422,0.238630283574104
0.0296339337594422,0.238095238095238
0.0296339337594422,0.237560192616372
0.0296339337594422,0.237025147137507
0.0294402479178772,0.237025147137507
0.0294402479178772,0.236490101658641
0.0294402479178772,0.235955056179775
0.0294402479178772,0.23542001070091
0.0294402479178772,0.234884965222044
0.0294402479178772,0.234349919743178
0.0294402479178772,0.233814874264312
0.0292465620763123,0.233814874264312
0.0292465620763123,0.233279828785447
0.0292465620763123,0.232744783306581
0.0292465620763123,0.232209737827715
0.0292465620763123,0.23167469234885
0.0290528762347473,0.23167469234885
0.0288591903931823,0.23167469234885
0.0288591903931823,0.231139646869984
0.0288591903931823,0.230604601391118
0.0286655045516173,0.230604601391118
0.0286655045516173,0.230069555912253
0.0286655045516173,0.229534510433387
0.0286655045516173,0.228999464954521
0.0284718187100523,0.228999464954521
0.0284718187100523,0.228464419475655
0.0284718187100523,0.22792937399679
0.0284718187100523,0.227394328517924
0.0282781328684873,0.227394328517924
0.0282781328684873,0.226859283039058
0.0280844470269224,0.226859283039058
0.0280844470269224,0.226324237560193
0.0278907611853574,0.225789192081327
0.0276970753437924,0.225789192081327
0.0276970753437924,0.225254146602461
0.0276970753437924,0.224719101123595
0.0275033895022274,0.224719101123595
0.0275033895022274,0.22418405564473
0.0273097036606624,0.22418405564473
0.0273097036606624,0.223649010165864
0.0273097036606624,0.223113964686998
0.0271160178190974,0.223113964686998
0.0269223319775325,0.223113964686998
0.0269223319775325,0.222578919208133
0.0269223319775325,0.222043873729267
0.0269223319775325,0.221508828250401
0.0269223319775325,0.220973782771536
0.0269223319775325,0.22043873729267
0.0269223319775325,0.219903691813804
0.0267286461359675,0.219903691813804
0.0267286461359675,0.219368646334938
0.0267286461359675,0.218833600856073
0.0267286461359675,0.218298555377207
0.0267286461359675,0.217763509898341
0.0267286461359675,0.217228464419476
0.0267286461359675,0.21669341894061
0.0267286461359675,0.216158373461744
0.0267286461359675,0.215623327982879
0.0267286461359675,0.215088282504013
0.0265349602944025,0.215088282504013
0.0263412744528375,0.215088282504013
0.0261475886112725,0.215088282504013
0.0259539027697075,0.215088282504013
0.0259539027697075,0.214553237025147
0.0257602169281426,0.214553237025147
0.0255665310865776,0.214553237025147
0.0255665310865776,0.214018191546281
0.0255665310865776,0.213483146067416
0.0253728452450126,0.213483146067416
0.0251791594034476,0.213483146067416
0.0251791594034476,0.21294810058855
0.0251791594034476,0.212413055109684
0.0251791594034476,0.211878009630819
0.0251791594034476,0.211342964151953
0.0251791594034476,0.210807918673087
0.0251791594034476,0.210272873194221
0.0251791594034476,0.209737827715356
0.0251791594034476,0.20920278223649
0.0251791594034476,0.208667736757624
0.0251791594034476,0.208132691278759
0.0251791594034476,0.207597645799893
0.0251791594034476,0.207062600321027
0.0251791594034476,0.206527554842162
0.0251791594034476,0.205992509363296
0.0251791594034476,0.20545746388443
0.0251791594034476,0.204922418405564
0.0249854735618826,0.204922418405564
0.0249854735618826,0.204387372926699
0.0249854735618826,0.203852327447833
0.0249854735618826,0.203317281968967
0.0249854735618826,0.202782236490102
0.0249854735618826,0.202247191011236
0.0249854735618826,0.20171214553237
0.0247917877203176,0.20171214553237
0.0247917877203176,0.201177100053505
0.0247917877203176,0.200642054574639
0.0245981018787527,0.200642054574639
0.0245981018787527,0.200107009095773
0.0245981018787527,0.199571963616907
0.0245981018787527,0.199036918138042
0.0245981018787527,0.198501872659176
0.0245981018787527,0.19796682718031
0.0244044160371877,0.19796682718031
0.0244044160371877,0.197431781701445
0.0244044160371877,0.196896736222579
0.0242107301956227,0.196896736222579
0.0242107301956227,0.196361690743713
0.0242107301956227,0.195826645264847
0.0242107301956227,0.195291599785982
0.0242107301956227,0.194756554307116
0.0240170443540577,0.19422150882825
0.0240170443540577,0.193686463349385
0.0240170443540577,0.193151417870519
0.0240170443540577,0.192616372391653
0.0240170443540577,0.192081326912788
0.0238233585124927,0.192081326912788
0.0236296726709277,0.192081326912788
0.0236296726709277,0.191546281433922
0.0236296726709277,0.191011235955056
0.0236296726709277,0.19047619047619
0.0234359868293628,0.19047619047619
0.0234359868293628,0.189941144997325
0.0234359868293628,0.189406099518459
0.0232423009877978,0.189406099518459
0.0232423009877978,0.188871054039593
0.0232423009877978,0.188336008560728
0.0232423009877978,0.187800963081862
0.0230486151462328,0.187800963081862
0.0230486151462328,0.187265917602996
0.0230486151462328,0.186730872124131
0.0230486151462328,0.186195826645265
0.0230486151462328,0.185125735687533
0.0230486151462328,0.184055644729802
0.0230486151462328,0.183520599250936
0.0230486151462328,0.182985553772071
0.0230486151462328,0.182450508293205
0.0230486151462328,0.181915462814339
0.0230486151462328,0.181380417335474
0.0228549293046678,0.181380417335474
0.0228549293046678,0.180845371856608
0.0226612434631028,0.180845371856608
0.0226612434631028,0.180310326377742
0.0226612434631028,0.179775280898876
0.0226612434631028,0.179240235420011
0.0226612434631028,0.178705189941145
0.0226612434631028,0.178170144462279
0.0226612434631028,0.177635098983414
0.0226612434631028,0.177100053504548
0.0226612434631028,0.176565008025682
0.0226612434631028,0.176029962546816
0.0226612434631028,0.175494917067951
0.0226612434631028,0.174959871589085
0.0226612434631028,0.174424826110219
0.0226612434631028,0.173889780631354
0.0226612434631028,0.173354735152488
0.0226612434631028,0.172819689673622
0.0226612434631028,0.172284644194757
0.0224675576215378,0.172284644194757
0.0222738717799729,0.172284644194757
0.0220801859384079,0.172284644194757
0.0220801859384079,0.171749598715891
0.0220801859384079,0.171214553237025
0.0220801859384079,0.170679507758159
0.0218865000968429,0.170679507758159
0.0218865000968429,0.170144462279294
0.0218865000968429,0.169609416800428
0.0218865000968429,0.169074371321562
0.0218865000968429,0.168539325842697
0.0218865000968429,0.168004280363831
0.0218865000968429,0.167469234884965
0.0218865000968429,0.1669341894061
0.0218865000968429,0.166399143927234
0.0216928142552779,0.166399143927234
0.0214991284137129,0.166399143927234
0.0213054425721479,0.166399143927234
0.0213054425721479,0.165864098448368
0.021111756730583,0.165864098448368
0.021111756730583,0.165329052969502
0.021111756730583,0.164794007490637
0.020918070889018,0.164794007490637
0.020918070889018,0.164258962011771
0.020724385047453,0.164258962011771
0.020724385047453,0.163723916532905
0.020724385047453,0.16318887105404
0.020724385047453,0.162653825575174
0.020530699205888,0.162653825575174
0.020337013364323,0.162653825575174
0.020337013364323,0.162118780096308
0.020337013364323,0.161583734617442
0.020337013364323,0.161048689138577
0.020337013364323,0.160513643659711
0.020143327522758,0.160513643659711
0.020143327522758,0.159978598180845
0.0199496416811931,0.159978598180845
0.0199496416811931,0.15944355270198
0.0199496416811931,0.158908507223114
0.0199496416811931,0.158373461744248
0.0197559558396281,0.158373461744248
0.0197559558396281,0.157838416265383
0.0195622699980631,0.157838416265383
0.0193685841564981,0.157838416265383
0.0193685841564981,0.157303370786517
0.0193685841564981,0.156768325307651
0.0193685841564981,0.156233279828785
0.0193685841564981,0.15569823434992
0.0193685841564981,0.155163188871054
0.0191748983149331,0.155163188871054
0.0191748983149331,0.154093097913323
0.0191748983149331,0.153558052434457
0.0191748983149331,0.153023006955591
0.0189812124733681,0.153023006955591
0.0187875266318032,0.153023006955591
0.0185938407902382,0.152487961476726
0.0185938407902382,0.15195291599786
0.0184001549486732,0.15195291599786
0.0184001549486732,0.150882825040128
0.0182064691071083,0.150882825040128
0.0182064691071083,0.150347779561263
0.0182064691071083,0.149812734082397
0.0182064691071083,0.148742643124666
0.0182064691071083,0.147672552166934
0.0182064691071083,0.147137506688068
0.0180127832655433,0.146067415730337
0.0180127832655433,0.145532370251471
0.0180127832655433,0.144997324772606
0.0180127832655433,0.14446227929374
0.0180127832655433,0.143927233814874
0.0180127832655433,0.143392188336009
0.0178190974239784,0.143392188336009
0.0176254115824134,0.143392188336009
0.0176254115824134,0.142857142857143
0.0174317257408484,0.142857142857143
0.0172380398992834,0.142857142857143
0.0172380398992834,0.142322097378277
0.0170443540577184,0.142322097378277
0.0170443540577184,0.141787051899411
0.0168506682161534,0.141787051899411
0.0166569823745885,0.141787051899411
0.0166569823745885,0.141252006420546
0.0164632965330235,0.141252006420546
0.0164632965330235,0.14071696094168
0.0164632965330235,0.140181915462814
0.0162696106914585,0.140181915462814
0.0162696106914585,0.139646869983949
0.0162696106914585,0.139111824505083
0.0160759248498935,0.139111824505083
0.0158822390083285,0.139111824505083
0.0156885531667635,0.139111824505083
0.0156885531667635,0.138576779026217
0.0156885531667635,0.138041733547352
0.0156885531667635,0.137506688068486
0.0156885531667635,0.13697164258962
0.0156885531667635,0.136436597110754
0.0156885531667635,0.135901551631889
0.0156885531667635,0.135366506153023
0.0156885531667635,0.134831460674157
0.0154948673251986,0.134831460674157
0.0154948673251986,0.134296415195292
0.0154948673251986,0.133761369716426
0.0154948673251986,0.13322632423756
0.0154948673251986,0.132691278758694
0.0153011814836336,0.132691278758694
0.0153011814836336,0.132156233279829
0.0153011814836336,0.131621187800963
0.0153011814836336,0.131086142322097
0.0153011814836336,0.130551096843232
0.0151074956420686,0.130551096843232
0.0151074956420686,0.130016051364366
0.0151074956420686,0.128945960406635
0.0149138098005036,0.128410914927769
0.0149138098005036,0.127875869448903
0.0147201239589386,0.126805778491172
0.0147201239589386,0.126270733012306
0.0147201239589386,0.125200642054575
0.0147201239589386,0.124665596575709
0.0145264381173736,0.123595505617978
0.0145264381173736,0.123060460139112
0.0143327522758087,0.123060460139112
0.0143327522758087,0.122525414660246
0.0143327522758087,0.121455323702515
0.0141390664342437,0.121455323702515
0.0141390664342437,0.120385232744783
0.0141390664342437,0.119850187265918
0.0141390664342437,0.118780096308186
0.0141390664342437,0.11824505082932
0.0141390664342437,0.117710005350455
0.0141390664342437,0.117174959871589
0.0141390664342437,0.116104868913858
0.0141390664342437,0.115569823434992
0.0141390664342437,0.115034777956126
0.0141390664342437,0.113964686998395
0.0141390664342437,0.113429641519529
0.0141390664342437,0.112894596040663
0.0141390664342437,0.112359550561798
0.0141390664342437,0.111824505082932
0.0141390664342437,0.111289459604066
0.0141390664342437,0.110754414125201
0.0141390664342437,0.110219368646335
0.0141390664342437,0.109684323167469
0.0141390664342437,0.109149277688604
0.0139453805926787,0.109149277688604
0.0139453805926787,0.108614232209738
0.0137516947511137,0.108614232209738
0.0135580089095487,0.108614232209738
0.0135580089095487,0.108079186730872
0.0135580089095487,0.107544141252006
0.0135580089095487,0.107009095773141
0.0135580089095487,0.106474050294275
0.0135580089095487,0.105939004815409
0.0135580089095487,0.105403959336544
0.0135580089095487,0.104868913857678
0.0133643230679837,0.104868913857678
0.0131706372264188,0.104868913857678
0.0131706372264188,0.104333868378812
0.0131706372264188,0.103798822899946
0.0129769513848538,0.103798822899946
0.0127832655432888,0.103798822899946
0.0127832655432888,0.103263777421081
0.0127832655432888,0.102728731942215
0.0127832655432888,0.102193686463349
0.0127832655432888,0.101658640984484
0.0125895797017238,0.101658640984484
0.0125895797017238,0.101123595505618
0.0125895797017238,0.100588550026752
0.0125895797017238,0.100053504547887
0.0125895797017238,0.0995184590690209
0.0125895797017238,0.0989834135901552
0.0123958938601588,0.0989834135901552
0.0123958938601588,0.0984483681112895
0.0122022080185938,0.0984483681112895
0.0122022080185938,0.0979133226324237
0.0122022080185938,0.0973782771535581
0.0120085221770289,0.0973782771535581
0.0118148363354639,0.0973782771535581
0.0118148363354639,0.0968432316746923
0.0118148363354639,0.0963081861958267
0.0116211504938989,0.0963081861958267
0.0116211504938989,0.0957731407169609
0.0116211504938989,0.0952380952380952
0.0116211504938989,0.0947030497592295
0.0116211504938989,0.0941680042803638
0.0116211504938989,0.0936329588014981
0.0116211504938989,0.0930979133226324
0.0114274646523339,0.0930979133226324
0.0112337788107689,0.0930979133226324
0.0112337788107689,0.0925628678437667
0.0112337788107689,0.092027822364901
0.0112337788107689,0.0914927768860353
0.0112337788107689,0.0909577314071696
0.0112337788107689,0.0904226859283039
0.0112337788107689,0.0898876404494382
0.0110400929692039,0.0898876404494382
0.0110400929692039,0.0893525949705725
0.0110400929692039,0.0888175494917068
0.0110400929692039,0.0882825040128411
0.0110400929692039,0.0877474585339754
0.010846407127639,0.0877474585339754
0.010846407127639,0.0872124130551097
0.010846407127639,0.086677367576244
0.010652721286074,0.086677367576244
0.010652721286074,0.0861423220973783
0.010652721286074,0.0856072766185126
0.010459035444509,0.0856072766185126
0.010459035444509,0.0850722311396469
0.010459035444509,0.0845371856607812
0.010459035444509,0.0840021401819155
0.010459035444509,0.0834670947030498
0.010459035444509,0.0829320492241841
0.010459035444509,0.0823970037453183
0.010459035444509,0.0818619582664527
0.010459035444509,0.0813269127875869
0.010459035444509,0.0807918673087212
0.010265349602944,0.0807918673087212
0.010265349602944,0.0802568218298555
0.010265349602944,0.0797217763509898
0.010071663761379,0.0797217763509898
0.00987797791981404,0.0797217763509898
0.00968429207824906,0.0797217763509898
0.00949060623668407,0.0797217763509898
0.00929692039511909,0.0797217763509898
0.00910323455355411,0.0797217763509898
0.00910323455355411,0.0791867308721241
0.00890954871198912,0.0791867308721241
0.00871586287042414,0.0791867308721241
0.00852217702885916,0.0791867308721241
0.00852217702885916,0.0786516853932584
0.00832849118729417,0.0786516853932584
0.00832849118729417,0.0781166399143927
0.00832849118729417,0.077581594435527
0.00832849118729417,0.0770465489566613
0.00813480534572919,0.0770465489566613
0.00794111950416421,0.0770465489566613
0.00794111950416421,0.0765115034777956
0.00794111950416421,0.0759764579989299
0.00794111950416421,0.0754414125200642
0.00794111950416421,0.0749063670411985
0.00794111950416421,0.0743713215623328
0.00774743366259922,0.0743713215623328
0.00774743366259922,0.0738362760834671
0.00774743366259922,0.0733012306046014
0.00774743366259922,0.0727661851257357
0.00755374782103424,0.0727661851257357
0.00755374782103424,0.07223113964687
0.00736006197946926,0.07223113964687
0.00736006197946926,0.0716960941680043
0.00736006197946926,0.0711610486891386
0.00736006197946926,0.0706260032102729
0.00736006197946926,0.0700909577314072
0.00736006197946926,0.0695559122525415
0.00736006197946926,0.0690208667736758
0.00736006197946926,0.0684858212948101
0.00736006197946926,0.0679507758159444
0.00736006197946926,0.0674157303370786
0.00716637613790427,0.0674157303370786
0.00697269029633929,0.0674157303370786
0.00697269029633929,0.066880684858213
0.00677900445477431,0.066880684858213
0.00677900445477431,0.0663456393793472
0.00677900445477431,0.0658105939004815
0.00677900445477431,0.0652755484216158
0.00658531861320932,0.0652755484216158
0.00658531861320932,0.0647405029427501
0.00639163277164434,0.0647405029427501
0.00619794693007936,0.0647405029427501
0.00600426108851448,0.0647405029427501
0.0058105752469495,0.0647405029427501
0.0058105752469495,0.0642054574638844
0.0058105752469495,0.0636704119850187
0.0058105752469495,0.063135366506153
0.00561688940538452,0.063135366506153
0.00561688940538452,0.0626003210272873
0.00561688940538452,0.0620652755484216
0.00561688940538452,0.0615302300695559
0.00542320356381953,0.0615302300695559
0.00542320356381953,0.0609951845906902
0.00542320356381953,0.0604601391118245
0.00542320356381953,0.0599250936329588
0.00542320356381953,0.0593900481540931
0.00522951772225455,0.0588550026752274
0.00503583188068957,0.0588550026752274
0.00503583188068957,0.0583199571963617
0.00503583188068957,0.057784911717496
0.00503583188068957,0.0567148207597646
0.00503583188068957,0.0561797752808989
0.00503583188068957,0.0556447298020332
0.00484214603912458,0.0556447298020332
0.00484214603912458,0.0551096843231675
0.0046484601975596,0.0551096843231675
0.0046484601975596,0.0545746388443018
0.0046484601975596,0.0540395933654361
0.0046484601975596,0.0535045478865704
0.0046484601975596,0.0529695024077047
0.0046484601975596,0.052434456928839
0.0046484601975596,0.0518994114499732
0.0046484601975596,0.0513643659711075
0.0046484601975596,0.0508293204922418
0.0046484601975596,0.0502942750133761
0.00445477435599462,0.0502942750133761
0.00426108851442963,0.0502942750133761
0.00426108851442963,0.0497592295345104
0.00406740267286465,0.0497592295345104
0.00406740267286465,0.0492241840556447
0.00406740267286465,0.048689138576779
0.00406740267286465,0.0481540930979133
0.00406740267286465,0.0476190476190476
0.00406740267286465,0.0470840021401819
0.00406740267286465,0.0465489566613162
0.00387371683129967,0.0465489566613162
0.00368003098973468,0.0465489566613162
0.00368003098973468,0.0460139111824505
0.00368003098973468,0.0454788657035848
0.00368003098973468,0.0449438202247191
0.0034863451481697,0.0449438202247191
0.0034863451481697,0.0444087747458534
0.0034863451481697,0.0438737292669877
0.0034863451481697,0.043338683788122
0.0034863451481697,0.0428036383092563
0.0034863451481697,0.0422685928303906
0.0034863451481697,0.0417335473515249
0.00329265930660472,0.0417335473515249
0.00329265930660472,0.0411985018726592
0.00309897346503973,0.0411985018726592
0.00290528762347475,0.0411985018726592
0.00290528762347475,0.0406634563937935
0.00271160178190977,0.0406634563937935
0.00271160178190977,0.0401284109149278
0.00271160178190977,0.0395933654360621
0.00271160178190977,0.0390583199571964
0.00251791594034478,0.0390583199571964
0.00251791594034478,0.037988228999465
0.00251791594034478,0.0369181380417336
0.00251791594034478,0.0363830925628678
0.00251791594034478,0.0358480470840021
0.00251791594034478,0.0353130016051364
0.00251791594034478,0.0347779561262707
0.00251791594034478,0.0337078651685393
0.00251791594034478,0.0331728196896736
0.0023242300987798,0.0331728196896736
0.00213054425721482,0.0331728196896736
0.00213054425721482,0.0326377742108079
0.00213054425721482,0.0321027287319422
0.00213054425721482,0.0315676832530765
0.00213054425721482,0.0310326377742108
0.00213054425721482,0.0304975922953451
0.00193685841564983,0.0304975922953451
0.00193685841564983,0.0299625468164794
0.00193685841564983,0.0294275013376137
0.00193685841564983,0.028892455858748
0.00193685841564983,0.0283574103798823
0.00193685841564983,0.0278223649010166
0.00174317257408485,0.0278223649010166
0.00174317257408485,0.0272873194221509
0.00174317257408485,0.0267522739432852
0.00174317257408485,0.0262172284644195
0.00174317257408485,0.0256821829855538
0.00174317257408485,0.0251471375066881
0.00154948673251987,0.0251471375066881
0.00154948673251987,0.0246120920278224
0.00154948673251987,0.0240770465489567
0.00154948673251987,0.023542001070091
0.00154948673251987,0.0230069555912253
0.00154948673251987,0.0224719101123595
0.00154948673251987,0.0219368646334938
0.00154948673251987,0.0214018191546281
0.00154948673251987,0.0208667736757624
0.00154948673251987,0.0203317281968967
0.00154948673251987,0.019796682718031
0.00154948673251987,0.0192616372391653
0.00154948673251987,0.0187265917602996
0.00154948673251987,0.0181915462814339
0.00154948673251987,0.0176565008025682
0.00154948673251987,0.0171214553237025
0.00154948673251987,0.0165864098448368
0.00154948673251987,0.0160513643659711
0.00154948673251987,0.0155163188871054
0.00154948673251987,0.0149812734082397
0.00154948673251987,0.014446227929374
0.00154948673251987,0.0133761369716426
0.00135580089095488,0.0133761369716426
0.00135580089095488,0.0128410914927769
0.00135580089095488,0.0123060460139112
0.0011621150493899,0.0123060460139112
0.000968429207824917,0.0123060460139112
0.000968429207824917,0.0117710005350455
0.000968429207824917,0.0112359550561798
0.000968429207824917,0.0107009095773141
0.000968429207824917,0.0101658640984484
0.000968429207824917,0.00963081861958266
0.000968429207824917,0.00909577314071696
0.000968429207824917,0.00856072766185126
0.000968429207824917,0.00802568218298555
0.000774743366259933,0.00802568218298555
0.00058105752469495,0.00802568218298555
0.00058105752469495,0.00749063670411985
0.00058105752469495,0.00695559122525415
0.00058105752469495,0.00642054574638844
0.00058105752469495,0.00588550026752274
0.00058105752469495,0.00535045478865704
0.00058105752469495,0.00481540930979133
0.000387371683129967,0.00481540930979133
0.000387371683129967,0.00428036383092563
0.000193685841564983,0.00428036383092563
0.000193685841564983,0.00374531835205993
0.000193685841564983,0.00321027287319422
0.000193685841564983,0.00267522739432852
0.000193685841564983,0.00214018191546281
0.000193685841564983,0.00160513643659711
0.000193685841564983,0.00107009095773141
0,0.00107009095773141
0,0.000535045478865704
0,0
